event_id,mech_number,strike,dip,rake,norm_N,norm_E,norm_Z,norm_aux_N,norm_aux_E,norm_aux_Z
nc40214567,0,322.9412,70.0,-110.0,-0.5663,-0.7499,0.342,0.0793,-0.4626,-0.883
nc40214567,1,304.8387,60.0,-90.0,-0.7108,-0.4947,0.5,-0.4104,-0.2856,-0.866
nc40214567,2,306.0,75.0,-105.0,-0.7815,-0.5678,0.2588,-0.0501,-0.3563,-0.933
nc40214567,3,322.9412,70.0,-100.0,-0.5663,-0.7499,0.342,-0.0644,-0.3734,-0.9254
nc40214567,4,327.0732,35.0,-110.0,-0.3118,-0.4814,0.8192,-0.1313,-0.832,-0.539
nc40214567,5,309.5122,35.0,-125.0,-0.4425,-0.3649,0.8192,-0.1527,-0.8694,-0.4698
nc40214567,6,301.7647,70.0,-95.0,-0.7989,-0.4947,0.342,-0.2438,-0.2535,-0.9361
nc40214567,7,301.3043,40.0,-110.0,-0.5492,-0.334,0.766,-0.4373,-0.6662,-0.604
nc40214567,8,330.0,45.0,-115.0,-0.3536,-0.6124,0.7071,0.0456,-0.7663,-0.6409
nc40214567,9,346.2712,55.0,-105.0,-0.1944,-0.7957,0.5736,0.1199,-0.5996,-0.7912
nc40214567,10,340.0,30.0,-100.0,-0.171,-0.4698,0.866,-0.1285,-0.8608,-0.4924
nc40214567,11,335.8537,35.0,-125.0,-0.2346,-0.5234,0.8192,0.2489,-0.8469,-0.4698
nc40214567,12,279.1525,55.0,-135.0,-0.8087,-0.1303,0.5736,-0.2879,-0.7626,-0.5792
nc40214567,13,136.9565,40.0,-95.0,0.4387,0.4698,0.766,0.4572,0.6172,-0.6403
nc40214567,14,339.6774,60.0,-110.0,-0.3008,-0.8121,0.5,0.1576,-0.5594,-0.8138
nc40214567,15,306.0,75.0,-100.0,-0.7815,-0.5678,0.2588,-0.1041,-0.2903,-0.9513
nc40214567,16,344.1176,45.0,-110.0,-0.1935,-0.6801,0.7071,0.1471,-0.7327,-0.6645
nc40214567,17,321.8644,55.0,-90.0,-0.5058,-0.6443,0.5736,-0.3542,-0.4511,-0.8192
nc40214567,18,294.9231,65.0,-95.0,-0.8219,-0.3819,0.4226,-0.3451,-0.2565,-0.9029
nc40214567,19,282.6761,80.0,-95.0,-0.9608,-0.2161,0.1736,-0.1496,-0.123,-0.9811
nc40214567,20,293.2258,60.0,-95.0,-0.7958,-0.3415,0.5,-0.4234,-0.2765,-0.8627
nc40214567,21,304.8387,60.0,-105.0,-0.7108,-0.4947,0.5,-0.2485,-0.4883,-0.8365
nc40214567,22,297.8873,80.0,-100.0,-0.8704,-0.4606,0.1736,-0.0699,-0.2335,-0.9698
nc40214567,23,300.7317,35.0,-100.0,-0.493,-0.2931,0.8192,-0.6047,-0.5615,-0.5649
nc40214567,24,126.0,25.0,-105.0,0.3419,0.2484,0.9063,0.5561,0.724,-0.4082
nc40214567,25,327.9661,55.0,-95.0,-0.4345,-0.6944,0.5736,-0.2292,-0.5306,-0.816
nc40214567,26,116.3415,35.0,-110.0,0.514,0.2545,0.8192,0.5381,0.6481,-0.539
nc40214567,27,320.0,30.0,-130.0,-0.3214,-0.383,0.866,0.066,-0.9214,-0.383
nc40214567,28,300.8571,75.0,-105.0,-0.8292,-0.4954,0.2588,-0.0819,-0.3504,-0.933
nc40214567,29,297.8873,80.0,-90.0,-0.8704,-0.4606,0.1736,-0.1535,-0.0812,-0.9848
nc40214567,30,285.6522,40.0,-125.0,-0.619,-0.1734,0.766,-0.4495,-0.7216,-0.5265
nc40214567,31,294.9231,65.0,-125.0,-0.8219,-0.3819,0.4226,-0.0722,-0.666,-0.7424
nc40214567,32,114.0,25.0,-120.0,0.3861,0.1719,0.9063,0.5137,0.776,-0.366
nc40214567,33,104.4,20.0,-100.0,0.3313,0.0851,0.9397,0.8532,0.3983,-0.3368
nc40214567,34,300.7317,35.0,-105.0,-0.493,-0.2931,0.8192,-0.5479,-0.6268,-0.554
nc40214567,35,300.7317,35.0,-130.0,-0.493,-0.2931,0.8192,-0.2109,-0.8732,-0.4394
nc40214567,36,322.9412,45.0,-105.0,-0.4261,-0.5643,0.7071,-0.2051,-0.701,-0.683
nc40214567,37,294.7059,45.0,-120.0,-0.6424,-0.2955,0.7071,-0.3473,-0.7102,-0.6124
nc40214567,38,312.5455,50.0,-100.0,-0.5644,-0.518,0.6428,-0.349,-0.556,-0.7544
nc40214567,39,278.3077,65.0,-125.0,-0.8968,-0.131,0.4226,-0.2597,-0.6176,-0.7424
nc40214567,40,291.3559,55.0,-130.0,-0.7629,-0.2983,0.5736,-0.1751,-0.7587,-0.6275
nc40214567,41,150.0,30.0,-95.0,0.25,0.433,0.866,0.3559,0.7907,-0.4981
nc40214567,42,157.1186,55.0,-90.0,0.3185,0.7547,0.5736,0.223,0.5284,-0.8192
nc40214567,43,322.6154,65.0,-95.0,-0.5503,-0.7201,0.4226,-0.1864,-0.3874,-0.9029
nc40214567,44,306.0,20.0,-120.0,-0.2767,-0.201,0.9397,-0.3645,-0.8828,-0.2962
nc40214567,45,295.7143,75.0,-90.0,-0.8703,-0.4191,0.2588,-0.2332,-0.1123,-0.9659
nc40214567,46,316.4516,60.0,-110.0,-0.5967,-0.6277,0.5,-0.0758,-0.5762,-0.8138
nc40214567,47,305.0,85.0,-90.0,-0.816,-0.5714,0.0872,-0.0714,-0.05,-0.9962
nc40214567,48,324.7826,40.0,-95.0,-0.3707,-0.5251,0.766,-0.3689,-0.6737,-0.6403
nc40214567,49,309.661,55.0,-90.0,-0.6306,-0.5228,0.5736,-0.4416,-0.3661,-0.8192
nc40214567,50,130.0,30.0,-115.0,0.383,0.3214,0.866,0.3296,0.8283,-0.4532
nc40214567,51,285.0,85.0,-105.0,-0.9623,-0.2578,0.0872,-0.0143,-0.2718,-0.9623
nc40214567,52,316.9565,40.0,-95.0,-0.4387,-0.4698,0.766,-0.4572,-0.6172,-0.6403
nc40214567,53,287.4194,60.0,-100.0,-0.8263,-0.2593,0.5,-0.4178,-0.3131,-0.8529
nc40214567,54,290.5714,75.0,-105.0,-0.9043,-0.3394,0.2588,-0.1431,-0.3302,-0.933
nc40214567,55,350.0,30.0,-110.0,-0.0868,-0.4924,0.866,0.1955,-0.8608,-0.4698
nc40214567,56,318.0,25.0,-145.0,-0.2828,-0.3141,0.9063,0.2609,-0.9344,-0.2424
nc40214567,57,114.0,25.0,-110.0,0.3861,0.1719,0.9063,0.6389,0.6588,-0.3971
nc40214567,58,301.7647,70.0,-105.0,-0.7989,-0.4947,0.342,-0.1446,-0.394,-0.9077
nc40214567,59,297.8873,80.0,-110.0,-0.8704,-0.4606,0.1736,0.0157,-0.3786,-0.9254
nc40214567,60,293.4783,40.0,-125.0,-0.5896,-0.2561,0.766,-0.347,-0.7761,-0.5265
nc40214567,61,306.0,25.0,-130.0,-0.3419,-0.2484,0.9063,-0.1839,-0.9281,-0.3237
nc40214567,62,316.4516,60.0,-95.0,-0.5967,-0.6277,0.5,-0.28,-0.4211,-0.8627
nc40214567,63,142.6829,35.0,-95.0,0.3477,0.4562,0.8192,0.4254,0.7018,-0.5714
nc40214567,64,295.0,85.0,-95.0,-0.9029,-0.421,0.0872,-0.0419,-0.1157,-0.9924
nc40214567,65,293.4783,40.0,-120.0,-0.5896,-0.2561,0.766,-0.4093,-0.7229,-0.5567
nc40214567,66,297.8873,80.0,-105.0,-0.8704,-0.4606,0.1736,-0.0272,-0.3072,-0.9513
nc40214567,67,118.8,20.0,-120.0,0.2997,0.1648,0.9397,0.4723,0.8302,-0.2962
nc40214567,68,280.0,85.0,-95.0,-0.9811,-0.173,0.0872,-0.0704,-0.1009,-0.9924
nc40214567,69,321.8644,55.0,-95.0,-0.5058,-0.6443,0.5736,-0.2843,-0.5033,-0.816
nc40214567,70,114.0,25.0,-95.0,0.3861,0.1719,0.9063,0.7894,0.4468,-0.421
nc40214567,71,336.3158,15.0,-125.0,-0.104,-0.237,0.9659,0.2074,-0.955,-0.212
nc40214567,72,335.8537,35.0,-105.0,-0.2346,-0.5234,0.8192,-0.0875,-0.8279,-0.554
nc40214567,73,282.6761,80.0,-90.0,-0.9608,-0.2161,0.1736,-0.1694,-0.0381,-0.9848
nc40214567,74,114.0,25.0,-125.0,0.3861,0.1719,0.9063,0.4449,0.826,-0.3462
nc40214567,75,325.0,85.0,-90.0,-0.5714,-0.816,0.0872,-0.05,-0.0714,-0.9962
nc40214567,76,129.1304,40.0,-95.0,0.4986,0.4057,0.766,0.537,0.5492,-0.6403
nc40214567,77,116.3415,35.0,-105.0,0.514,0.2545,0.8192,0.5942,0.583,-0.554
nc40214567,78,291.1765,70.0,-110.0,-0.8762,-0.3395,0.342,-0.1761,-0.435,-0.883
nc40214567,79,301.7647,45.0,-110.0,-0.6012,-0.3722,0.7071,-0.3849,-0.6406,-0.6645
nc40214567,80,310.0,30.0,-105.0,-0.383,-0.3214,0.866,-0.4744,-0.736,-0.483
nc40214567,81,333.6923,65.0,-100.0,-0.4017,-0.8124,0.4226,-0.0288,-0.4501,-0.8925
nc40214567,82,321.4286,75.0,-95.0,-0.6022,-0.7552,0.2588,-0.0926,-0.2559,-0.9623
nc40214567,83,319.0909,50.0,-105.0,-0.5017,-0.5789,0.6428,-0.211,-0.6387,-0.7399
nc40214567,84,313.0986,80.0,-95.0,-0.7191,-0.6729,0.1736,-0.0668,-0.1818,-0.9811
nc40214567,85,127.8947,15.0,-105.0,0.2042,0.159,0.9659,0.5773,0.7773,-0.25
nc40214567,86,319.0909,50.0,-110.0,-0.5017,-0.5789,0.6428,-0.1371,-0.6805,-0.7198
nc40214567,87,308.8235,45.0,-105.0,-0.5509,-0.4433,0.7071,-0.3699,-0.6298,-0.683
nc40214567,88,300.4615,65.0,-120.0,-0.7812,-0.4595,0.4226,-0.062,-0.6165,-0.7849
nc40214567,89,321.4286,75.0,-110.0,-0.6022,-0.7552,0.2588,0.1158,-0.4034,-0.9077
nc40214567,90,327.0732,35.0,-100.0,-0.3118,-0.4814,0.8192,-0.2927,-0.7715,-0.5649
nc40214567,91,281.6129,60.0,-120.0,-0.8483,-0.1743,0.5,-0.3235,-0.5769,-0.75
nc40214567,92,305.0,85.0,-95.0,-0.816,-0.5714,0.0872,-0.0211,-0.1212,-0.9924
nc40214567,93,332.1818,50.0,-105.0,-0.3575,-0.6775,0.6428,-0.0608,-0.6699,-0.7399
nc40214567,94,150.0,30.0,-90.0,0.25,0.433,0.866,0.433,0.75,-0.5
nc40214567,95,293.4783,40.0,-135.0,-0.5896,-0.2561,0.766,-0.2151,-0.8644,-0.4545
nc40214567,96,117.6923,10.0,-90.0,0.1538,0.0807,0.9848,0.872,0.4577,-0.1736
nc40214567,97,279.1525,55.0,-140.0,-0.8087,-0.1303,0.5736,-0.2421,-0.8149,-0.5265
nc40214567,98,339.2308,65.0,-100.0,-0.3214,-0.8474,0.4226,0.0148,-0.4507,-0.8925
nc40214567,99,316.9565,40.0,-120.0,-0.4387,-0.4698,0.766,-0.0874,-0.8261,-0.5567
nc40214567,100,307.0588,70.0,-90.0,-0.7499,-0.5663,0.342,-0.2729,-0.2061,-0.9397
nc40214567,101,315.7627,55.0,-90.0,-0.5715,-0.5869,0.5736,-0.4001,-0.4109,-0.8192
nc40214567,102,129.1304,40.0,-100.0,0.4986,0.4057,0.766,0.4756,0.6108,-0.633
nc40214567,103,102.0,25.0,-135.0,0.4134,0.0879,0.9063,0.4798,0.8249,-0.2988
nc40214567,104,318.169,80.0,-105.0,-0.6568,-0.7338,0.1736,0.081,-0.2976,-0.9513
nc40214567,105,335.8537,35.0,-100.0,-0.2346,-0.5234,0.8192,-0.1715,-0.8072,-0.5649
nc40214567,106,309.661,55.0,-115.0,-0.6306,-0.5228,0.5736,-0.1305,-0.6571,-0.7424
nc40214567,107,322.6154,65.0,-105.0,-0.5503,-0.7201,0.4226,-0.0422,-0.4815,-0.8754
nc40214567,108,277.6056,80.0,-105.0,-0.9761,-0.1303,0.1736,-0.132,-0.2787,-0.9513
nc40214567,109,160.2439,35.0,-90.0,0.1939,0.5398,0.8192,0.2769,0.7709,-0.5736
nc40214567,110,323.2394,80.0,-100.0,-0.5894,-0.789,0.1736,0.0368,-0.2409,-0.9698
nc40214567,111,310.0,85.0,-95.0,-0.7631,-0.6403,0.0872,-0.0105,-0.1226,-0.9924
nc40214567,112,330.0,25.0,-135.0,-0.2113,-0.366,0.9063,0.2919,-0.9086,-0.2988
nc40214567,113,330.0,45.0,-95.0,-0.3536,-0.6124,0.7071,-0.2767,-0.6536,-0.7044
nc40214567,114,317.6471,70.0,-100.0,-0.6331,-0.6944,0.342,-0.0986,-0.3659,-0.9254
nc40214567,115,275.1429,75.0,-120.0,-0.962,-0.0866,0.2588,-0.1784,-0.5181,-0.8365
nc40214567,116,280.2857,75.0,-105.0,-0.9504,-0.1725,0.2588,-0.1998,-0.2993,-0.933
nc40214567,117,311.1429,75.0,-110.0,-0.7274,-0.6355,0.2588,0.0419,-0.4176,-0.9077
nc40214567,118,319.0909,50.0,-95.0,-0.5017,-0.5789,0.6428,-0.3535,-0.541,-0.7631
nc40214567,119,321.4286,75.0,-100.0,-0.6022,-0.7552,0.2588,-0.0232,-0.3075,-0.9513
nc40214567,120,322.9412,45.0,-90.0,-0.4261,-0.5643,0.7071,-0.4261,-0.5643,-0.7071
nc40214567,121,317.6471,70.0,-90.0,-0.6331,-0.6944,0.342,-0.2304,-0.2528,-0.9397
nc40214567,122,281.6129,60.0,-130.0,-0.8483,-0.1743,0.5,-0.2458,-0.7067,-0.6634
nc40214567,123,321.4286,75.0,-105.0,-0.6022,-0.7552,0.2588,0.0465,-0.3568,-0.933
nc40214567,124,315.7627,55.0,-115.0,-0.5715,-0.5869,0.5736,-0.0599,-0.6673,-0.7424
nc40214567,125,340.1695,55.0,-100.0,-0.2779,-0.7706,0.5736,-0.0283,-0.5903,-0.8067
nc40214567,126,133.2,20.0,-100.0,0.2493,0.2341,0.9397,0.5557,0.7601,-0.3368
nc40214567,127,327.0732,35.0,-95.0,-0.3118,-0.4814,0.8192,-0.3704,-0.7323,-0.5714
nc40214567,128,293.2258,60.0,-105.0,-0.7958,-0.3415,0.5,-0.3418,-0.4283,-0.8365
nc40214567,129,110.0,30.0,-95.0,0.4698,0.171,0.866,0.7809,0.377,-0.4981
nc40214567,130,312.5455,50.0,-110.0,-0.5644,-0.518,0.6428,-0.2137,-0.6604,-0.7198
nc40214567,131,280.5882,70.0,-105.0,-0.9237,-0.1727,0.342,-0.2772,-0.3151,-0.9077
nc40214567,132,309.661,55.0,-110.0,-0.6306,-0.5228,0.5736,-0.1966,-0.6073,-0.7698
nc40214567,133,306.0,50.0,-105.0,-0.6197,-0.4503,0.6428,-0.3502,-0.5743,-0.7399
nc40214567,134,324.7826,40.0,-90.0,-0.3707,-0.5251,0.766,-0.4418,-0.6258,-0.6428
nc40214567,135,287.7465,80.0,-95.0,-0.9379,-0.3002,0.1736,-0.1382,-0.1357,-0.9811
nc40214567,136,301.3043,40.0,-115.0,-0.5492,-0.334,0.766,-0.3736,-0.7218,-0.5826
nc40214567,137,321.4286,75.0,-90.0,-0.6022,-0.7552,0.2588,-0.1614,-0.2024,-0.9659
nc40214567,138,300.7317,35.0,-135.0,-0.493,-0.2931,0.8192,-0.1365,-0.9038,-0.4056
nc40214567,139,334.0678,55.0,-105.0,-0.3582,-0.7367,0.5736,-0.0095,-0.6114,-0.7912
nc40214567,140,296.4706,70.0,-105.0,-0.8412,-0.4189,0.342,-0.1804,-0.3789,-0.9077
nc40214567,141,330.0,30.0,-120.0,-0.25,-0.433,0.866,0.058,-0.8995,-0.433
nc40214567,142,114.0,25.0,-115.0,0.3861,0.1719,0.9063,0.5785,0.7202,-0.383
nc40214567,143,322.9412,45.0,-110.0,-0.4261,-0.5643,0.7071,-0.1275,-0.7364,-0.6645
nc40214567,144,167.5385,65.0,-90.0,0.1956,0.885,0.4226,0.0912,0.4127,-0.9063
nc40214567,145,303.5593,55.0,-100.0,-0.6826,-0.4528,0.5736,-0.3747,-0.457,-0.8067
nc40214567,146,296.4706,70.0,-115.0,-0.8412,-0.4189,0.342,-0.0891,-0.5165,-0.8517
nc40214567,147,320.0,85.0,-95.0,-0.6403,-0.7631,0.0872,0.011,-0.1225,-0.9924
nc40214567,148,322.2581,60.0,-95.0,-0.5301,-0.6848,0.5,-0.236,-0.4472,-0.8627
nc40214567,149,325.6364,50.0,-95.0,-0.4324,-0.6323,0.6428,-0.2895,-0.5778,-0.7631
nc40214567,150,150.0,5.0,-90.0,0.0436,0.0755,0.9962,0.4981,0.8627,-0.0872
nc40214567,151,306.0,20.0,-115.0,-0.2767,-0.201,0.9397,-0.4406,-0.8425,-0.31
nc40214567,152,315.0,85.0,-90.0,-0.7044,-0.7044,0.0872,-0.0616,-0.0616,-0.9962
nc40214567,153,302.9577,80.0,-95.0,-0.8263,-0.5358,0.1736,-0.0977,-0.1672,-0.9811
nc40214567,154,130.0,30.0,-105.0,0.383,0.3214,0.866,0.4744,0.736,-0.483
nc40214567,155,332.6087,40.0,-90.0,-0.2957,-0.5707,0.766,-0.3524,-0.6802,-0.6428
nc40214567,156,324.7826,40.0,-105.0,-0.3707,-0.5251,0.766,-0.2153,-0.7538,-0.6209
nc40214567,157,120.0,30.0,-95.0,0.433,0.25,0.866,0.7036,0.5068,-0.4981
nc40214567,158,333.3803,80.0,-90.0,-0.4413,-0.8804,0.1736,-0.0778,-0.1552,-0.9848
nc40214567,159,168.5455,50.0,-90.0,0.1521,0.7508,0.6428,0.1277,0.63,-0.766
nc40214567,160,152.6087,40.0,-95.0,0.2957,0.5707,0.766,0.2737,0.7177,-0.6403
nc40214567,161,345.4839,60.0,-100.0,-0.2171,-0.8384,0.5,0.0447,-0.5202,-0.8529
nc40214567,162,306.0,50.0,-110.0,-0.6197,-0.4503,0.6428,-0.2876,-0.6317,-0.7198
nc40214567,163,315.8824,45.0,-115.0,-0.4922,-0.5076,0.7071,-0.1427,-0.7543,-0.6409
nc40214567,164,295.0,85.0,-105.0,-0.9029,-0.421,0.0872,0.0331,-0.2701,-0.9623
nc40214567,165,292.9091,50.0,-110.0,-0.7056,-0.2982,0.6428,-0.4232,-0.5502,-0.7198
nc40214567,166,330.0,25.0,-130.0,-0.2113,-0.366,0.9063,0.2095,-0.9227,-0.3237
nc40214567,167,108.9474,15.0,-100.0,0.2448,0.084,0.9659,0.8433,0.4731,-0.2549
nc40214567,168,167.6471,45.0,-90.0,0.1513,0.6907,0.7071,0.1513,0.6907,-0.7071
nc40214567,169,300.8571,75.0,-95.0,-0.8292,-0.4954,0.2588,-0.1766,-0.2071,-0.9623
nc40214567,170,290.0,85.0,-95.0,-0.9361,-0.3407,0.0872,-0.0518,-0.1116,-0.9924
nc40214567,171,160.0,30.0,-90.0,0.171,0.4698,0.866,0.2962,0.8138,-0.5
nc40214567,172,334.8,20.0,-115.0,-0.1456,-0.3095,0.9397,0.0198,-0.9505,-0.31
nc40214567,173,117.6923,10.0,-100.0,0.1538,0.0807,0.9848,0.7781,0.6045,-0.171
nc40214567,174,306.0,75.0,-110.0,-0.7815,-0.5678,0.2588,0.0043,-0.4197,-0.9077
nc40214567,175,132.3529,45.0,-90.0,0.5226,0.4764,0.7071,0.5226,0.4764,-0.7071
nc40214567,176,297.4576,55.0,-125.0,-0.7269,-0.3777,0.5736,-0.1524,-0.7256,-0.671
nc40214567,177,290.0,30.0,-135.0,-0.4698,-0.171,0.866,-0.3336,-0.8739,-0.3536
nc40214567,178,140.0,30.0,-90.0,0.3214,0.383,0.866,0.5567,0.6634,-0.5
nc40214567,179,334.0678,55.0,-100.0,-0.3582,-0.7367,0.5736,-0.0909,-0.5839,-0.8067
nc40214567,180,104.4,20.0,-115.0,0.3313,0.0851,0.9397,0.7198,0.6211,-0.31
nc40214567,181,299.4545,50.0,-115.0,-0.667,-0.3767,0.6428,-0.2994,-0.6545,-0.6943
nc40214567,182,321.8644,55.0,-110.0,-0.5058,-0.6443,0.5736,-0.0638,-0.6351,-0.7698
nc40214567,183,110.0,30.0,-110.0,0.4698,0.171,0.866,0.6477,0.5997,-0.4698
nc40214567,184,102.0,25.0,-115.0,0.4134,0.0879,0.9063,0.7156,0.5842,-0.383
nc40214567,185,345.2727,50.0,-105.0,-0.1947,-0.7409,0.6428,0.0925,-0.6663,-0.7399
nc40214567,186,321.8644,55.0,-100.0,-0.5058,-0.6443,0.5736,-0.2122,-0.5515,-0.8067
nc40214567,187,285.0,85.0,-95.0,-0.9623,-0.2578,0.0872,-0.0613,-0.1067,-0.9924
nc40214567,188,140.0,30.0,-105.0,0.3214,0.383,0.866,0.3394,0.8072,-0.483
nc40214567,189,287.7465,80.0,-105.0,-0.9379,-0.3002,0.1736,-0.0809,-0.2976,-0.9513
nc40214567,190,104.4,20.0,-125.0,0.3313,0.0851,0.9397,0.6029,0.747,-0.2802
nc40214567,191,340.0,30.0,-125.0,-0.171,-0.4698,0.866,0.2964,-0.8628,-0.4096
nc40214567,192,311.1429,75.0,-95.0,-0.7274,-0.6355,0.2588,-0.1368,-0.2353,-0.9623
nc40214567,193,315.7627,55.0,-105.0,-0.5715,-0.5869,0.5736,-0.2011,-0.5775,-0.7912
nc40214567,194,110.0,30.0,-105.0,0.4698,0.171,0.866,0.6975,0.5293,-0.483
nc40214567,195,138.0,25.0,-90.0,0.2828,0.3141,0.9063,0.6064,0.6735,-0.4226
nc40214567,196,300.0,30.0,-110.0,-0.433,-0.25,0.866,-0.5338,-0.7031,-0.4698
nc40214567,197,146.4706,45.0,-95.0,0.3906,0.5894,0.7071,0.3164,0.6353,-0.7044
nc40214567,198,280.5882,70.0,-95.0,-0.9237,-0.1727,0.342,-0.3189,-0.1483,-0.9361
nc40214567,199,327.9661,55.0,-100.0,-0.4345,-0.6944,0.5736,-0.1524,-0.571,-0.8067
nc40214567,200,306.0,50.0,-95.0,-0.6197,-0.4503,0.6428,-0.4668,-0.4469,-0.7631
nc40214567,201,125.122,35.0,-100.0,0.4691,0.33,0.8192,0.5599,0.6061,-0.5649
nc40214567,202,275.1429,75.0,-100.0,-0.962,-0.0866,0.2588,-0.2383,-0.1958,-0.9513
nc40214567,203,285.2542,55.0,-110.0,-0.7903,-0.2155,0.5736,-0.43,-0.4718,-0.7698
nc40214567,204,299.0323,60.0,-90.0,-0.7572,-0.4203,0.5,-0.4372,-0.2427,-0.866
nc40214567,205,310.0,30.0,-100.0,-0.383,-0.3214,0.866,-0.5417,-0.6812,-0.4924
nc40214567,206,293.2258,60.0,-115.0,-0.7958,-0.3415,0.5,-0.2498,-0.5671,-0.7849
nc40214567,207,130.0,30.0,-95.0,0.383,0.3214,0.866,0.6049,0.6213,-0.4981
nc40214567,208,308.8235,45.0,-120.0,-0.5509,-0.4433,0.7071,-0.1636,-0.7735,-0.6124
nc40214567,209,332.1818,50.0,-100.0,-0.3575,-0.6775,0.6428,-0.1418,-0.6409,-0.7544
nc40214567,210,318.2927,35.0,-90.0,-0.3816,-0.4282,0.8192,-0.545,-0.6115,-0.5736
nc40214567,211,153.5294,45.0,-90.0,0.3152,0.633,0.7071,0.3152,0.633,-0.7071
nc40214567,212,299.0323,60.0,-95.0,-0.7572,-0.4203,0.5,-0.3932,-0.3179,-0.8627
nc40214567,213,317.0769,65.0,-110.0,-0.6172,-0.6637,0.4226,-0.02,-0.5237,-0.8517
nc40214567,214,275.0,85.0,-95.0,-0.9924,-0.0868,0.0872,-0.0789,-0.0944,-0.9924
nc40214567,215,315.8824,45.0,-95.0,-0.4922,-0.5076,0.7071,-0.4278,-0.5664,-0.7044
nc40214567,216,279.1525,55.0,-125.0,-0.8087,-0.1303,0.5736,-0.3726,-0.641,-0.671
nc40214567,217,330.0,30.0,-110.0,-0.25,-0.433,0.866,-0.1107,-0.8758,-0.4698
nc40214567,218,334.0678,55.0,-110.0,-0.3582,-0.7367,0.5736,0.0719,-0.6343,-0.7698
nc40214567,219,285.2542,55.0,-125.0,-0.7903,-0.2155,0.5736,-0.3024,-0.677,-0.671
nc40214567,220,310.6452,60.0,-115.0,-0.6571,-0.5641,0.5,-0.0686,-0.6158,-0.7849
nc40214567,221,311.1429,75.0,-100.0,-0.7274,-0.6355,0.2588,-0.0777,-0.2985,-0.9513
nc40214567,222,177.0968,60.0,-90.0,0.0439,0.8649,0.5,0.0253,0.4994,-0.866
nc40214567,223,299.0323,60.0,-110.0,-0.7572,-0.4203,0.5,-0.2448,-0.5271,-0.8138
nc40214567,224,310.0,30.0,-130.0,-0.383,-0.3214,0.866,-0.095,-0.9188,-0.383
nc40214567,225,299.4545,50.0,-95.0,-0.667,-0.3767,0.6428,-0.5147,-0.3908,-0.7631
nc40214567,226,320.0,30.0,-125.0,-0.3214,-0.383,0.866,-0.0166,-0.9121,-0.4096
nc40214567,227,332.1818,50.0,-90.0,-0.3575,-0.6775,0.6428,-0.3,-0.5685,-0.766
nc40214567,228,336.3158,15.0,-100.0,-0.104,-0.237,0.9659,-0.2231,-0.9409,-0.2549
nc40214567,229,285.2542,55.0,-115.0,-0.7903,-0.2155,0.5736,-0.3903,-0.5445,-0.7424
nc40214567,230,279.8182,50.0,-140.0,-0.7548,-0.1306,0.6428,-0.2765,-0.8253,-0.4924
nc40214567,231,291.3559,55.0,-110.0,-0.7629,-0.2983,0.5736,-0.3774,-0.5148,-0.7698
nc40214567,232,285.2542,55.0,-130.0,-0.7903,-0.2155,0.5736,-0.2548,-0.7357,-0.6275
nc40214567,233,328.1538,65.0,-105.0,-0.4782,-0.7699,0.4226,0.0045,-0.4833,-0.8754
nc40214567,234,287.4194,60.0,-115.0,-0.8263,-0.2593,0.5,-0.3059,-0.5389,-0.7849
nc40214567,235,316.9565,40.0,-125.0,-0.4387,-0.4698,0.766,-0.0091,-0.8501,-0.5265
nc40214567,236,320.0,30.0,-105.0,-0.3214,-0.383,0.866,-0.3394,-0.8072,-0.483
nc40214567,237,351.1765,45.0,-100.0,-0.1085,-0.6987,0.7071,0.0648,-0.7148,-0.6964
nc40214567,238,120.0,30.0,-105.0,0.433,0.25,0.866,0.595,0.6424,-0.483
nc40214567,239,297.4576,55.0,-120.0,-0.7269,-0.3777,0.5736,-0.2102,-0.6727,-0.7094
nc40214567,240,300.0,30.0,-115.0,-0.433,-0.25,0.866,-0.4684,-0.7584,-0.4532
nc40214567,241,127.8947,15.0,-110.0,0.2042,0.159,0.9659,0.5062,0.8274,-0.2432
nc40214567,242,104.4,20.0,-110.0,0.3313,0.0851,0.9397,0.7702,0.5509,-0.3214
nc40214567,243,330.0,30.0,-105.0,-0.25,-0.433,0.866,-0.1941,-0.8539,-0.483
nc40214567,244,301.7647,70.0,-100.0,-0.7989,-0.4947,0.342,-0.195,-0.325,-0.9254
nc40214567,245,330.0,25.0,-115.0,-0.2113,-0.366,0.9063,-0.0447,-0.9227,-0.383
nc40214567,246,133.9024,35.0,-105.0,0.4133,0.3977,0.8192,0.3906,0.7352,-0.554
nc40214567,247,307.0588,70.0,-105.0,-0.7499,-0.5663,0.342,-0.1077,-0.4056,-0.9077
nc40214567,248,286.3636,50.0,-115.0,-0.735,-0.2158,0.6428,-0.4399,-0.5696,-0.6943
nc40214567,249,330.0,45.0,-90.0,-0.3536,-0.6124,0.7071,-0.3536,-0.6124,-0.7071
nc40214567,250,307.0588,70.0,-100.0,-0.7499,-0.5663,0.342,-0.1641,-0.3416,-0.9254
nc40214567,251,283.8462,65.0,-95.0,-0.88,-0.2169,0.4226,-0.3879,-0.1854,-0.9029
nc40214567,252,279.8182,50.0,-125.0,-0.7548,-0.1306,0.6428,-0.421,-0.655,-0.6275
nc40214567,253,351.1765,45.0,-90.0,-0.1085,-0.6987,0.7071,-0.1085,-0.6987,-0.7071
nc40214567,254,114.0,25.0,-105.0,0.3861,0.1719,0.9063,0.6945,0.5925,-0.4082
nc40214567,255,301.3043,40.0,-100.0,-0.5492,-0.334,0.766,-0.5544,-0.5403,-0.633
nc40214567,256,171.2903,60.0,-90.0,0.1311,0.856,0.5,0.0757,0.4942,-0.866
nc40214567,257,289.3846,65.0,-105.0,-0.8549,-0.3008,0.4226,-0.2992,-0.3796,-0.8754
nc40214567,258,279.1525,55.0,-95.0,-0.8087,-0.1303,0.5736,-0.5503,-0.1769,-0.816
nc40214567,259,317.0769,65.0,-95.0,-0.6172,-0.6637,0.4226,-0.2229,-0.3676,-0.9029
nc40214567,260,344.6341,35.0,-90.0,-0.152,-0.5531,0.8192,-0.2171,-0.7899,-0.5736
nc40214567,261,306.0,50.0,-120.0,-0.6197,-0.4503,0.6428,-0.1565,-0.7317,-0.6634
nc40214567,262,335.8537,35.0,-115.0,-0.2346,-0.5234,0.8192,0.0819,-0.8503,-0.5198
nc40214567,263,317.6471,70.0,-95.0,-0.6331,-0.6944,0.342,-0.1651,-0.3105,-0.9361
nc40214567,264,300.0,30.0,-125.0,-0.433,-0.25,0.866,-0.3276,-0.8514,-0.4096
nc40214567,265,322.2581,60.0,-110.0,-0.5301,-0.6848,0.5,-0.0171,-0.5809,-0.8138
nc40214567,266,309.5122,35.0,-105.0,-0.4425,-0.3649,0.8192,-0.4458,-0.7031,-0.554
nc40214567,267,328.1538,65.0,-95.0,-0.4782,-0.7699,0.4226,-0.1481,-0.4036,-0.9029
nc40214567,268,318.2927,35.0,-100.0,-0.3816,-0.4282,0.8192,-0.4071,-0.7178,-0.5649
nc40214567,269,296.4706,70.0,-95.0,-0.8412,-0.4189,0.342,-0.2662,-0.2299,-0.9361
nc40214567,270,333.5294,70.0,-100.0,-0.4189,-0.8412,0.342,0.0053,-0.3789,-0.9254
nc40214567,271,330.0,45.0,-100.0,-0.3536,-0.6124,0.7071,-0.1978,-0.6899,-0.6964
nc40214567,272,330.0,30.0,-125.0,-0.25,-0.433,0.866,0.142,-0.9012,-0.4096
nc40214567,273,342.0,25.0,-105.0,-0.1306,-0.4019,0.9063,-0.0244,-0.9126,-0.4082
nc40214567,274,285.8824,70.0,-110.0,-0.9038,-0.2572,0.342,-0.2155,-0.4169,-0.883
nc40214567,275,281.6129,60.0,-125.0,-0.8483,-0.1743,0.5,-0.2857,-0.6443,-0.7094
nc40214567,276,334.8,20.0,-120.0,-0.1456,-0.3095,0.9397,0.1059,-0.9492,-0.2962
nc40214567,277,322.2581,60.0,-105.0,-0.5301,-0.6848,0.5,-0.091,-0.5403,-0.8365
nc40214567,278,318.2927,35.0,-120.0,-0.3816,-0.4282,0.8192,-0.0987,-0.8623,-0.4967
nc40214567,279,340.1695,55.0,-105.0,-0.2779,-0.7706,0.5736,0.0555,-0.609,-0.7912
nc40214567,280,353.4146,35.0,-105.0,-0.0658,-0.5698,0.8192,0.1664,-0.8157,-0.554
nc40214567,281,318.0,25.0,-140.0,-0.2828,-0.3141,0.9063,0.1795,-0.9455,-0.2717
nc40214567,282,300.4615,65.0,-100.0,-0.7812,-0.4595,0.4226,-0.2707,-0.3607,-0.8925
nc40214567,283,290.0,30.0,-140.0,-0.4698,-0.171,0.866,-0.2611,-0.9102,-0.3214
nc40214567,284,102.0,25.0,-130.0,0.4134,0.0879,0.9063,0.5455,0.7731,-0.3237
nc40214567,285,333.6923,65.0,-105.0,-0.4017,-0.8124,0.4226,0.0511,-0.4806,-0.8754
nc40214567,286,315.8824,45.0,-105.0,-0.4922,-0.5076,0.7071,-0.2897,-0.6705,-0.683
nc40214567,287,108.9474,15.0,-120.0,0.2448,0.084,0.9659,0.6288,0.7445,-0.2241
nc40214567,288,311.5385,65.0,-110.0,-0.6784,-0.601,0.4226,-0.0705,-0.5194,-0.8517
nc40214567,289,311.1429,75.0,-105.0,-0.7274,-0.6355,0.2588,-0.018,-0.3594,-0.933
nc40214567,290,291.9512,35.0,-135.0,-0.532,-0.2144,0.8192,-0.2729,-0.8724,-0.4056
nc40214567,291,309.661,55.0,-95.0,-0.6306,-0.5228,0.5736,-0.3843,-0.4318,-0.816
nc40214567,292,287.4194,60.0,-110.0,-0.8263,-0.2593,0.5,-0.3459,-0.467,-0.8138
nc40214567,293,340.1695,55.0,-95.0,-0.2779,-0.7706,0.5736,-0.1119,-0.5671,-0.816
nc40214567,294,325.6364,50.0,-105.0,-0.4324,-0.6323,0.6428,-0.1368,-0.6586,-0.7399
nc40214567,295,285.4286,75.0,-100.0,-0.9311,-0.257,0.2588,-0.1995,-0.2352,-0.9513
nc40214567,296,295.0,85.0,-110.0,-0.9029,-0.421,0.0872,0.0703,-0.3446,-0.9361
nc40214567,297,338.7273,50.0,-105.0,-0.2779,-0.7138,0.6428,0.0159,-0.6725,-0.7399
nc40214567,298,280.0,85.0,-105.0,-0.9811,-0.173,0.0872,-0.038,-0.2695,-0.9623
nc40214567,299,306.0,50.0,-115.0,-0.6197,-0.4503,0.6428,-0.2229,-0.6843,-0.6943
nc40214567,300,292.8169,80.0,-90.0,-0.9077,-0.3819,0.1736,-0.1601,-0.0673,-0.9848
nc40214567,301,328.0645,60.0,-105.0,-0.4581,-0.7349,0.5,-0.0358,-0.5468,-0.8365
nc40214567,302,120.0,30.0,-110.0,0.433,0.25,0.866,0.5338,0.7031,-0.4698
nc40214567,303,336.3158,15.0,-120.0,-0.104,-0.237,0.9659,0.1219,-0.9669,-0.2241
nc40214567,304,302.9577,80.0,-110.0,-0.8263,-0.5358,0.1736,0.0491,-0.3758,-0.9254
nc40214567,305,318.2927,35.0,-105.0,-0.3816,-0.4282,0.8192,-0.3332,-0.7629,-0.554
nc40214567,306,340.4348,40.0,-110.0,-0.2153,-0.6057,0.766,0.0812,-0.7928,-0.604
nc40214567,307,136.9565,40.0,-90.0,0.4387,0.4698,0.766,0.5229,0.5599,-0.6428
nc40214567,308,290.5714,75.0,-95.0,-0.9043,-0.3394,0.2588,-0.2108,-0.1722,-0.9623
nc40214567,309,348.2609,40.0,-100.0,-0.1308,-0.6293,0.766,0.0165,-0.774,-0.633
nc40214567,310,309.5122,35.0,-100.0,-0.4425,-0.3649,0.8192,-0.5119,-0.6472,-0.5649
nc40214567,311,280.2857,75.0,-100.0,-0.9504,-0.1725,0.2588,-0.2198,-0.2164,-0.9513
nc40214567,312,300.4615,65.0,-95.0,-0.7812,-0.4595,0.4226,-0.3187,-0.2886,-0.9029
nc40214567,313,294.7059,45.0,-115.0,-0.6424,-0.2955,0.7071,-0.4056,-0.6518,-0.6409
nc40214567,314,295.7143,75.0,-95.0,-0.8703,-0.4191,0.2588,-0.1945,-0.1904,-0.9623
nc40214567,315,300.0,85.0,-95.0,-0.8627,-0.4981,0.0872,-0.0316,-0.1189,-0.9924
nc40214567,316,354.0,25.0,-105.0,-0.0442,-0.4203,0.9063,0.1659,-0.8977,-0.4082
nc40214567,317,299.0323,60.0,-115.0,-0.7572,-0.4203,0.5,-0.1911,-0.5894,-0.7849
nc40214567,318,142.3636,50.0,-90.0,0.4678,0.6066,0.6428,0.3925,0.509,-0.766
nc40214567,319,133.2,20.0,-110.0,0.2493,0.2341,0.9397,0.4096,0.8538,-0.3214
nc40214567,320,317.6471,70.0,-110.0,-0.6331,-0.6944,0.342,0.0362,-0.4679,-0.883
nc40214567,321,290.0,85.0,-105.0,-0.9361,-0.3407,0.0872,0.0094,-0.272,-0.9623
nc40214567,322,114.0,25.0,-130.0,0.3861,0.1719,0.9063,0.3728,0.8696,-0.3237
nc40214567,323,300.7317,35.0,-115.0,-0.493,-0.2931,0.8192,-0.4222,-0.7427,-0.5198
nc40214567,324,116.3415,35.0,-95.0,0.514,0.2545,0.8192,0.6926,0.4402,-0.5714
nc40214567,325,270.0,85.0,-95.0,-0.9962,0.0,0.0872,-0.0868,-0.0872,-0.9924
nc40214567,326,332.6087,40.0,-95.0,-0.2957,-0.5707,0.766,-0.2737,-0.7177,-0.6403
nc40214567,327,120.0,30.0,-125.0,0.433,0.25,0.866,0.3276,0.8514,-0.4096
nc40214567,328,280.0,85.0,-100.0,-0.9811,-0.173,0.0872,-0.0544,-0.1859,-0.9811
nc40214567,329,318.0,25.0,-125.0,-0.2828,-0.3141,0.9063,-0.0705,-0.9355,-0.3462
nc40214567,330,145.3846,10.0,-95.0,0.0986,0.1429,0.9848,0.4856,0.8569,-0.173
nc40214567,331,287.7465,80.0,-110.0,-0.9379,-0.3002,0.1736,-0.0512,-0.3755,-0.9254
nc40214567,332,316.4516,60.0,-100.0,-0.5967,-0.6277,0.5,-0.2134,-0.4765,-0.8529
nc40214567,333,145.3846,10.0,-90.0,0.0986,0.1429,0.9848,0.5594,0.8105,-0.1736
nc40214567,334,322.2581,60.0,-100.0,-0.5301,-0.6848,0.5,-0.1641,-0.4957,-0.8529
nc40214567,335,118.8,20.0,-110.0,0.2997,0.1648,0.9397,0.609,0.7251,-0.3214
nc40214567,336,95.0,90.0,110.0,0.9962,0.0872,0.0,-0.0298,0.3407,0.9397
nc40214567,337,311.1429,75.0,-90.0,-0.7274,-0.6355,0.2588,-0.1949,-0.1703,-0.9659
nc40214567,338,280.0,85.0,-110.0,-0.9811,-0.173,0.0872,-0.0213,-0.351,-0.9361
nc40214567,339,160.4348,40.0,-90.0,0.2153,0.6057,0.766,0.2565,0.7218,-0.6428
nc40214567,340,292.8169,80.0,-95.0,-0.9077,-0.3819,0.1736,-0.1257,-0.1474,-0.9811
nc40214567,341,308.8235,45.0,-95.0,-0.5509,-0.4433,0.7071,-0.4942,-0.5095,-0.7044
nc40214567,342,118.8,20.0,-115.0,0.2997,0.1648,0.9397,0.5427,0.7806,-0.31
nc40214567,343,135.8182,50.0,-90.0,0.5339,0.5494,0.6428,0.448,0.461,-0.766
nc40214567,344,328.2353,70.0,-95.0,-0.4947,-0.7989,0.342,-0.1053,-0.3356,-0.9361
nc40214567,345,350.0,30.0,-95.0,-0.0868,-0.4924,0.866,-0.064,-0.8648,-0.4981
nc40214567,346,316.9565,40.0,-115.0,-0.4387,-0.4698,0.766,-0.165,-0.7959,-0.5826
nc40214567,347,318.0,25.0,-105.0,-0.2828,-0.3141,0.9063,-0.3934,-0.8238,-0.4082
nc40214567,348,342.0,25.0,-100.0,-0.1306,-0.4019,0.9063,-0.1107,-0.9025,-0.4162
nc40214567,349,313.0986,80.0,-90.0,-0.7191,-0.6729,0.1736,-0.1268,-0.1186,-0.9848
nc40214567,350,306.0,65.0,-90.0,-0.7332,-0.5327,0.4226,-0.3419,-0.2484,-0.9063
nc40214567,351,117.6923,10.0,-110.0,0.1538,0.0807,0.9848,0.6605,0.7329,-0.1632
nc40214567,352,318.169,80.0,-95.0,-0.6568,-0.7338,0.1736,-0.0504,-0.187,-0.9811
nc40214567,353,300.8571,75.0,-100.0,-0.8292,-0.4954,0.2588,-0.1297,-0.2798,-0.9513
nc40214567,354,320.4,20.0,-145.0,-0.218,-0.2635,0.9397,0.2876,-0.9374,-0.1962
nc40214567,355,300.7317,35.0,-120.0,-0.493,-0.2931,0.8192,-0.3543,-0.7923,-0.4967
nc40214567,356,287.6471,45.0,-120.0,-0.6738,-0.2144,0.7071,-0.432,-0.6621,-0.6124
nc40214567,357,297.4576,55.0,-95.0,-0.7269,-0.3777,0.5736,-0.4668,-0.3408,-0.816
nc40214567,358,315.8824,45.0,-110.0,-0.4922,-0.5076,0.7071,-0.217,-0.7151,-0.6645
nc40214567,359,330.0,25.0,-125.0,-0.2113,-0.366,0.9063,0.1255,-0.9297,-0.3462
nc40214567,360,117.6923,10.0,-120.0,0.1538,0.0807,0.9848,0.5228,0.8391,-0.1504
nc40214567,361,296.4706,70.0,-110.0,-0.8412,-0.4189,0.342,-0.1352,-0.4494,-0.883
nc40214567,362,303.5593,55.0,-110.0,-0.6826,-0.4528,0.5736,-0.2601,-0.583,-0.7698
nc40214567,363,287.6471,45.0,-135.0,-0.6738,-0.2144,0.7071,-0.2621,-0.8254,-0.5
nc40214567,364,342.0,25.0,-115.0,-0.1306,-0.4019,0.9063,0.1481,-0.9118,-0.383
nc40214567,365,280.5882,70.0,-100.0,-0.9237,-0.1727,0.342,-0.2992,-0.2326,-0.9254
nc40214567,366,334.8,20.0,-100.0,-0.1456,-0.3095,0.9397,-0.2369,-0.9113,-0.3368
nc40214567,367,297.4576,55.0,-105.0,-0.7269,-0.3777,0.5736,-0.3723,-0.4851,-0.7912
nc40214567,368,292.9091,50.0,-125.0,-0.7056,-0.2982,0.6428,-0.2617,-0.7333,-0.6275
nc40214567,369,320.0,30.0,-100.0,-0.3214,-0.383,0.866,-0.4152,-0.765,-0.4924
nc40214567,370,311.5385,65.0,-90.0,-0.6784,-0.601,0.4226,-0.3163,-0.2802,-0.9063
nc40214567,371,322.9412,70.0,-90.0,-0.5663,-0.7499,0.342,-0.2061,-0.2729,-0.9397
nc40214567,372,291.3559,55.0,-125.0,-0.7629,-0.2983,0.5736,-0.2287,-0.7053,-0.671
nc40214567,373,310.0,85.0,-90.0,-0.7631,-0.6403,0.0872,-0.0668,-0.056,-0.9962
nc40214567,374,294.7059,45.0,-125.0,-0.6424,-0.2955,0.7071,-0.2865,-0.7632,-0.5792
nc40214567,375,318.2927,35.0,-95.0,-0.3816,-0.4282,0.8192,-0.4779,-0.6672,-0.5714
nc40214567,376,315.7627,55.0,-95.0,-0.5715,-0.5869,0.5736,-0.3362,-0.4702,-0.816
nc40214567,377,2.1951,35.0,-100.0,0.022,-0.5732,0.8192,0.2044,-0.7995,-0.5649
nc40214567,378,150.0,25.0,-100.0,0.2113,0.366,0.9063,0.2959,0.8598,-0.4162
nc40214567,379,327.0732,35.0,-115.0,-0.3118,-0.4814,0.8192,-0.0488,-0.8529,-0.5198
nc40214567,380,328.1538,65.0,-90.0,-0.4782,-0.7699,0.4226,-0.223,-0.359,-0.9063
nc40214567,381,280.5882,70.0,-115.0,-0.9237,-0.1727,0.342,-0.227,-0.4724,-0.8517
nc40214567,382,275.1429,75.0,-105.0,-0.962,-0.0866,0.2588,-0.2258,-0.2802,-0.933
nc40214567,383,277.6056,80.0,-95.0,-0.9761,-0.1303,0.1736,-0.1599,-0.1093,-0.9811
nc40214567,384,102.0,25.0,-120.0,0.4134,0.0879,0.9063,0.6638,0.6523,-0.366
nc40214567,385,291.3559,55.0,-100.0,-0.7629,-0.2983,0.5736,-0.4628,-0.3674,-0.8067
nc40214567,386,306.0,25.0,-120.0,-0.3419,-0.2484,0.9063,-0.3411,-0.8659,-0.366
nc40214567,387,310.6452,60.0,-95.0,-0.6571,-0.5641,0.5,-0.3212,-0.3906,-0.8627
nc40214567,388,301.7647,70.0,-115.0,-0.7989,-0.4947,0.342,-0.0411,-0.5225,-0.8517
nc40214567,389,301.7647,45.0,-105.0,-0.6012,-0.3722,0.7071,-0.4445,-0.5796,-0.683
nc40214567,390,335.8537,35.0,-120.0,-0.2346,-0.5234,0.8192,0.1661,-0.8519,-0.4967
nc40214567,391,285.6522,40.0,-135.0,-0.619,-0.1734,0.766,-0.3308,-0.827,-0.4545
nc40214567,392,309.661,55.0,-105.0,-0.6306,-0.5228,0.5736,-0.2613,-0.5529,-0.7912
nc40214567,393,332.6087,40.0,-120.0,-0.2957,-0.5707,0.766,0.1387,-0.8191,-0.5567
nc40214567,394,291.1765,70.0,-100.0,-0.8762,-0.3395,0.342,-0.2514,-0.2836,-0.9254
nc40214567,395,354.0,25.0,-95.0,-0.0442,-0.4203,0.9063,-0.0077,-0.907,-0.421
nc40214567,396,118.8,20.0,-125.0,0.2997,0.1648,0.9397,0.3982,0.8735,-0.2802
nc40214567,397,310.0,30.0,-120.0,-0.383,-0.3214,0.866,-0.2531,-0.8651,-0.433
nc40214567,398,282.6761,80.0,-100.0,-0.9608,-0.2161,0.1736,-0.1287,-0.2069,-0.9698
nc40214567,399,292.9091,50.0,-100.0,-0.7056,-0.2982,0.6428,-0.5155,-0.4064,-0.7544
nc40214567,400,293.2258,60.0,-125.0,-0.7958,-0.3415,0.5,-0.1502,-0.6886,-0.7094
nc40214567,401,130.0,30.0,-110.0,0.383,0.3214,0.866,0.4036,0.7851,-0.4698
nc40214567,402,294.9231,65.0,-105.0,-0.8219,-0.3819,0.4226,-0.2611,-0.4067,-0.8754
nc40214567,403,108.9474,15.0,-95.0,0.2448,0.084,0.9659,0.8818,0.3949,-0.2578
nc40214567,404,121.3043,40.0,-90.0,0.5492,0.334,0.766,0.6545,0.398,-0.6428
nc40214567,405,292.9091,50.0,-130.0,-0.7056,-0.2982,0.6428,-0.2033,-0.7838,-0.5868
nc40214567,406,138.0,25.0,-100.0,0.2828,0.3141,0.9063,0.4682,0.7795,-0.4162
nc40214567,407,300.8571,75.0,-110.0,-0.8292,-0.4954,0.2588,-0.0334,-0.4183,-0.9077
nc40214567,408,330.0,45.0,-105.0,-0.3536,-0.6124,0.7071,-0.1174,-0.7209,-0.683
nc40214567,409,316.2857,75.0,-100.0,-0.6675,-0.6982,0.2588,-0.0506,-0.3042,-0.9513
nc40214567,410,113.4783,40.0,-105.0,0.5896,0.2561,0.766,0.5756,0.5322,-0.6209
nc40214567,411,344.6341,35.0,-110.0,-0.152,-0.5531,0.8192,0.1258,-0.8329,-0.539
nc40214567,412,126.0,25.0,-95.0,0.3419,0.2484,0.9063,0.6792,0.6012,-0.421
nc40214567,413,120.0,30.0,-115.0,0.433,0.25,0.866,0.4684,0.7584,-0.4532
nc40214567,414,317.6471,70.0,-105.0,-0.6331,-0.6944,0.342,-0.0313,-0.4185,-0.9077
nc40214567,415,277.6056,80.0,-110.0,-0.9761,-0.1303,0.1736,-0.1165,-0.3606,-0.9254
nc40214567,416,327.9661,55.0,-110.0,-0.4345,-0.6944,0.5736,0.0041,-0.6383,-0.7698
nc40214567,417,340.0,30.0,-105.0,-0.171,-0.4698,0.866,-0.0429,-0.8746,-0.483
nc40214567,418,350.0,30.0,-90.0,-0.0868,-0.4924,0.866,-0.1504,-0.8529,-0.5
nc40214567,419,108.9474,15.0,-110.0,0.2448,0.084,0.9659,0.7474,0.6182,-0.2432
nc40214567,420,320.4,20.0,-140.0,-0.218,-0.2635,0.9397,0.2052,-0.9537,-0.2198
nc40214567,421,328.3099,80.0,-95.0,-0.5173,-0.838,0.1736,-0.0167,-0.193,-0.9811
nc40214567,422,306.0,25.0,-115.0,-0.3419,-0.2484,0.9063,-0.4161,-0.8247,-0.383
nc40214567,423,140.0,30.0,-95.0,0.3214,0.383,0.866,0.4878,0.7169,-0.4981
nc40214567,424,309.1304,40.0,-90.0,-0.4986,-0.4057,0.766,-0.5942,-0.4834,-0.6428
nc40214567,425,316.2857,75.0,-95.0,-0.6675,-0.6982,0.2588,-0.1152,-0.2466,-0.9623
nc40214567,426,346.2712,55.0,-95.0,-0.1944,-0.7957,0.5736,-0.0509,-0.5758,-0.816
nc40214567,427,308.0282,80.0,-110.0,-0.7757,-0.6067,0.1736,0.0822,-0.3699,-0.9254
nc40214567,428,319.0909,50.0,-115.0,-0.5017,-0.5789,0.6428,-0.0621,-0.717,-0.6943
nc40214567,429,296.4706,70.0,-90.0,-0.8412,-0.4189,0.342,-0.3062,-0.1525,-0.9397
nc40214567,430,299.0323,60.0,-105.0,-0.7572,-0.4203,0.5,-0.2967,-0.4607,-0.8365
nc40214567,431,294.9231,65.0,-110.0,-0.8219,-0.3819,0.4226,-0.216,-0.4775,-0.8517
nc40214567,432,330.0,30.0,-115.0,-0.25,-0.433,0.866,-0.0264,-0.891,-0.4532
nc40214567,433,287.6471,45.0,-130.0,-0.6738,-0.2144,0.7071,-0.3213,-0.7767,-0.5417
nc40214567,434,337.0588,45.0,-90.0,-0.2756,-0.6512,0.7071,-0.2756,-0.6512,-0.7071
nc40214567,435,309.5122,35.0,-95.0,-0.4425,-0.3649,0.8192,-0.5741,-0.5864,-0.5714
nc40214567,436,117.6923,10.0,-95.0,0.1538,0.0807,0.9848,0.8282,0.5331,-0.173
nc40214567,437,301.7647,45.0,-95.0,-0.6012,-0.3722,0.7071,-0.553,-0.4449,-0.7044
nc40214567,438,287.6471,45.0,-115.0,-0.6738,-0.2144,0.7071,-0.4826,-0.597,-0.6409
nc40214567,439,147.6,20.0,-95.0,0.1833,0.2888,0.9397,0.428,0.8371,-0.3407
nc40214567,440,320.4,20.0,-120.0,-0.218,-0.2635,0.9397,-0.1335,-0.9458,-0.2962
nc40214567,441,331.7143,75.0,-95.0,-0.4577,-0.8506,0.2588,-0.0454,-0.2683,-0.9623
nc40214567,442,303.5593,55.0,-115.0,-0.6826,-0.4528,0.5736,-0.1996,-0.6395,-0.7424
nc40214567,443,333.871,60.0,-105.0,-0.3814,-0.7775,0.5,0.0197,-0.5476,-0.8365
nc40214567,444,285.4286,75.0,-110.0,-0.9311,-0.257,0.2588,-0.1435,-0.3944,-0.9077
nc40214567,445,348.2609,40.0,-110.0,-0.1308,-0.6293,0.766,0.1884,-0.7744,-0.604
nc40214567,446,356.087,40.0,-100.0,-0.0439,-0.6413,0.766,0.1218,-0.7645,-0.633
nc40214567,447,151.4634,35.0,-95.0,0.274,0.5039,0.8192,0.3133,0.7585,-0.5714
nc40214567,448,102.0,25.0,-110.0,0.4134,0.0879,0.9063,0.7619,0.5116,-0.3971
nc40214567,449,300.0,85.0,-105.0,-0.8627,-0.4981,0.0872,0.0565,-0.2662,-0.9623
nc40214567,450,292.8169,80.0,-115.0,-0.9077,-0.3819,0.1736,0.0188,-0.4506,-0.8925
nc40214567,451,330.0,25.0,-120.0,-0.2113,-0.366,0.9063,0.0406,-0.9297,-0.366
nc40214567,452,349.2,20.0,-115.0,-0.0641,-0.336,0.9397,0.2555,-0.9158,-0.31
nc40214567,453,300.4615,65.0,-115.0,-0.7812,-0.4595,0.4226,-0.1159,-0.5585,-0.8214
nc40214567,454,133.9024,35.0,-110.0,0.4133,0.3977,0.8192,0.3175,0.7802,-0.539
nc40214567,455,304.8387,60.0,-115.0,-0.7108,-0.4947,0.5,-0.1305,-0.6057,-0.7849
nc40214567,456,320.0,30.0,-140.0,-0.3214,-0.383,0.866,0.229,-0.9188,-0.3214
nc40214567,457,104.4,20.0,-105.0,0.3313,0.0851,0.9397,0.8148,0.4764,-0.3304
nc40214567,458,169.322,55.0,-90.0,0.1518,0.805,0.5736,0.1063,0.5636,-0.8192
nc40214567,459,315.8824,45.0,-90.0,-0.4922,-0.5076,0.7071,-0.4922,-0.5076,-0.7071
nc40214567,460,306.0,65.0,-105.0,-0.7332,-0.5327,0.4226,-0.1781,-0.4493,-0.8754
nc40214567,461,338.7273,50.0,-100.0,-0.2779,-0.7138,0.6428,-0.0678,-0.6529,-0.7544
nc40214567,462,291.1765,70.0,-90.0,-0.8762,-0.3395,0.342,-0.3189,-0.1236,-0.9397
nc40214567,463,290.5714,75.0,-90.0,-0.9043,-0.3394,0.2588,-0.2423,-0.0909,-0.9659
nc40214567,464,292.8169,80.0,-110.0,-0.9077,-0.3819,0.1736,-0.0178,-0.3785,-0.9254
nc40214567,465,304.8387,60.0,-95.0,-0.7108,-0.4947,0.5,-0.359,-0.3561,-0.8627
nc40214567,466,323.2394,80.0,-90.0,-0.5894,-0.789,0.1736,-0.1039,-0.1391,-0.9848
nc40214567,467,320.0,85.0,-90.0,-0.6403,-0.7631,0.0872,-0.056,-0.0668,-0.9962
nc40214567,468,318.2927,35.0,-125.0,-0.3816,-0.4282,0.8192,-0.0182,-0.8826,-0.4698
nc40214567,469,275.0,85.0,-105.0,-0.9924,-0.0868,0.0872,-0.0613,-0.2652,-0.9623
nc40214567,470,133.9024,35.0,-100.0,0.4133,0.3977,0.8192,0.4608,0.6845,-0.5649
nc40214567,471,290.0,30.0,-125.0,-0.4698,-0.171,0.866,-0.4704,-0.7816,-0.4096
nc40214567,472,327.0732,35.0,-120.0,-0.3118,-0.4814,0.8192,0.0341,-0.8672,-0.4967
nc40214567,473,291.6,20.0,-140.0,-0.318,-0.1259,0.9397,-0.2796,-0.9346,-0.2198
nc40214567,474,303.5593,55.0,-90.0,-0.6826,-0.4528,0.5736,-0.478,-0.3171,-0.8192
nc40214567,475,312.3529,70.0,-105.0,-0.6944,-0.6331,0.342,-0.0698,-0.4138,-0.9077
nc40214567,476,333.5294,70.0,-90.0,-0.4189,-0.8412,0.342,-0.1525,-0.3062,-0.9397
nc40214567,477,290.0,85.0,-90.0,-0.9361,-0.3407,0.0872,-0.0819,-0.0298,-0.9962
nc40214567,478,300.0,85.0,-100.0,-0.8627,-0.4981,0.0872,0.0125,-0.1933,-0.9811
nc40214567,479,108.9474,15.0,-115.0,0.2448,0.084,0.9659,0.6908,0.684,-0.2346
nc40214567,480,327.9661,55.0,-105.0,-0.4345,-0.6944,0.5736,-0.0745,-0.607,-0.7912
nc40214567,481,324.7826,40.0,-125.0,-0.3707,-0.5251,0.766,0.1067,-0.8434,-0.5265
nc40214567,482,126.0,25.0,-110.0,0.3419,0.2484,0.9063,0.488,0.7773,-0.3971
nc40214567,483,337.0588,45.0,-115.0,-0.2756,-0.6512,0.7071,0.1394,-0.7549,-0.6409
nc40214567,484,333.871,60.0,-100.0,-0.3814,-0.7775,0.5,-0.0609,-0.5186,-0.8529
nc40214567,485,293.2258,60.0,-120.0,-0.7958,-0.3415,0.5,-0.2007,-0.6302,-0.75
nc40214567,486,306.0,25.0,-125.0,-0.3419,-0.2484,0.9063,-0.2635,-0.9004,-0.3462
nc40214567,487,345.4839,60.0,-95.0,-0.2171,-0.8384,0.5,-0.0405,-0.504,-0.8627
nc40214567,488,306.0,65.0,-115.0,-0.7332,-0.5327,0.4226,-0.0615,-0.567,-0.8214
nc40214567,489,322.9412,45.0,-95.0,-0.4261,-0.5643,0.7071,-0.355,-0.6147,-0.7044
nc40214567,490,127.8947,15.0,-95.0,0.2042,0.159,0.9659,0.7058,0.6598,-0.2578
nc40214567,491,328.0645,60.0,-95.0,-0.4581,-0.7349,0.5,-0.1895,-0.4688,-0.8627
nc40214567,492,316.9565,40.0,-100.0,-0.4387,-0.4698,0.766,-0.388,-0.6699,-0.633
nc40214567,493,133.9024,35.0,-95.0,0.4133,0.3977,0.8192,0.5275,0.6287,-0.5714
nc40214567,494,312.5455,50.0,-90.0,-0.5644,-0.518,0.6428,-0.4736,-0.4346,-0.766
nc40214567,495,144.7826,40.0,-90.0,0.3707,0.5251,0.766,0.4418,0.6258,-0.6428
nc40214567,496,322.6154,65.0,-90.0,-0.5503,-0.7201,0.4226,-0.2566,-0.3358,-0.9063
nc40214567,497,318.0,25.0,-120.0,-0.2828,-0.3141,0.9063,-0.1536,-0.9178,-0.366
nc40214567,498,337.0588,45.0,-105.0,-0.2756,-0.6512,0.7071,-0.0279,-0.7299,-0.683
nc40214567,499,309.5122,35.0,-130.0,-0.4425,-0.3649,0.8192,-0.0751,-0.8952,-0.4394
nc40220958,0,115.0,85.0,-170.0,0.9029,0.421,0.0872,-0.4025,0.8989,-0.173
nc40220958,1,275.2941,70.0,-175.0,-0.9357,-0.0867,0.342,0.0622,-0.9947,-0.0819
nc40220958,2,112.1538,65.0,-160.0,0.8394,0.3418,0.4226,-0.2205,0.9248,-0.31
nc40220958,3,115.0,85.0,-160.0,0.9029,0.421,0.0872,-0.3701,0.8642,-0.3407
nc40220958,4,338.7273,50.0,-105.0,-0.2779,-0.7138,0.6428,0.0159,-0.6725,-0.7399
nc40220958,5,319.0909,50.0,-120.0,-0.5017,-0.5789,0.6428,0.0133,-0.7481,-0.6634
nc40220958,6,305.0,85.0,-160.0,-0.816,-0.5714,0.0872,0.5146,-0.7868,-0.3407
nc40220958,7,157.1186,55.0,-95.0,0.3185,0.7547,0.5736,0.1419,0.5603,-0.816
nc40220958,8,113.2258,60.0,175.0,0.7958,0.3415,0.5,-0.4329,0.8983,0.0755
nc40220958,9,131.1429,75.0,-155.0,0.7274,0.6355,0.2588,-0.5139,0.7545,-0.4082
nc40220958,10,162.0,50.0,-115.0,0.2367,0.7286,0.6428,-0.2219,0.6846,-0.6943
nc40220958,11,345.2727,50.0,-95.0,-0.1947,-0.7409,0.6428,-0.0785,-0.6415,-0.7631
nc40220958,12,134.3077,65.0,-150.0,0.6486,0.6331,0.4226,-0.4537,0.7673,-0.4532
nc40220958,13,114.4068,55.0,160.0,0.7459,0.3385,0.5736,-0.5669,0.7747,0.2802
nc40220958,14,126.0,75.0,-145.0,0.7815,0.5678,0.2588,-0.3614,0.75,-0.554
nc40220958,15,140.0,85.0,-155.0,0.6403,0.7631,0.0872,-0.6706,0.6108,-0.421
nc40220958,16,119.0323,60.0,-170.0,0.7572,0.4203,0.5,-0.402,0.9032,-0.1504
nc40220958,17,135.6338,80.0,-145.0,0.6886,0.704,0.1736,-0.516,0.644,-0.5649
nc40220958,18,141.4286,75.0,-155.0,0.6022,0.7552,0.2588,-0.6404,0.6506,-0.4082
nc40220958,19,120.5085,55.0,-160.0,0.7057,0.4159,0.5736,-0.308,0.9092,-0.2802
nc40220958,20,127.0588,70.0,-165.0,0.7499,0.5663,0.342,-0.5115,0.8242,-0.2432
nc40220958,21,291.1765,70.0,155.0,-0.8762,-0.3395,0.342,0.4622,-0.7929,0.3971
nc40220958,22,120.0,90.0,-170.0,0.866,0.5,0.0,-0.4924,0.8529,-0.1736
nc40220958,23,312.5455,50.0,-105.0,-0.5644,-0.518,0.6428,-0.2824,-0.6105,-0.7399
nc40220958,24,167.6471,45.0,-110.0,0.1513,0.6907,0.7071,-0.192,0.7222,-0.6645
nc40220958,25,111.1765,70.0,-175.0,0.8762,0.3395,0.342,-0.3321,0.9397,-0.0819
nc40220958,26,123.2308,65.0,-170.0,0.7581,0.4967,0.4226,-0.4783,0.864,-0.1574
nc40220958,27,155.4545,50.0,-105.0,0.3182,0.6968,0.6428,0.0225,0.6723,-0.7399
nc40220958,28,135.0,85.0,-165.0,0.7044,0.7044,0.0872,-0.6671,0.699,-0.2578
nc40220958,29,120.0,90.0,-160.0,0.866,0.5,0.0,-0.4698,0.8138,-0.342
nc40220958,30,120.5085,55.0,175.0,0.7057,0.4159,0.5736,-0.5488,0.8329,0.0714
nc40220958,31,300.8571,75.0,150.0,-0.8292,-0.4954,0.2588,0.5553,-0.6771,0.483
nc40220958,32,167.6471,45.0,-90.0,0.1513,0.6907,0.7071,0.1513,0.6907,-0.7071
nc40220958,33,281.6129,60.0,150.0,-0.8483,-0.1743,0.5,0.4192,-0.798,0.433
nc40220958,34,312.5455,50.0,-100.0,-0.5644,-0.518,0.6428,-0.349,-0.556,-0.7544
nc40220958,35,281.6129,60.0,-180.0,-0.8483,-0.1743,0.5,0.2013,-0.9795,-0.0
nc40220958,36,107.4194,60.0,170.0,0.8263,0.2593,0.5,-0.3777,0.9137,0.1504
nc40220958,37,281.6129,60.0,-165.0,-0.8483,-0.1743,0.5,0.0677,-0.9722,-0.2241
nc40220958,38,115.3521,80.0,160.0,0.89,0.4217,0.1736,-0.456,0.8238,0.3368
nc40220958,39,126.0,75.0,-175.0,0.7815,0.5678,0.2588,-0.5673,0.8192,-0.0842
nc40220958,40,110.0,85.0,-170.0,0.9361,0.3407,0.0872,-0.3226,0.9306,-0.173
nc40220958,41,109.6364,50.0,-180.0,0.7215,0.2574,0.6428,-0.336,0.9418,-0.0
nc40220958,42,117.6923,65.0,165.0,0.8025,0.4212,0.4226,-0.5457,0.8045,0.2346
nc40220958,43,120.4225,80.0,-165.0,0.8492,0.4987,0.1736,-0.4504,0.8557,-0.2549
nc40220958,44,340.4348,40.0,-100.0,-0.2153,-0.6057,0.766,-0.089,-0.769,-0.633
nc40220958,45,275.8065,60.0,-165.0,-0.8616,-0.0876,0.5,-0.031,-0.9741,-0.2241
nc40220958,46,113.2258,60.0,165.0,0.7958,0.3415,0.5,-0.4998,0.8366,0.2241
nc40220958,47,110.5714,75.0,160.0,0.9043,0.3394,0.2588,-0.4131,0.8487,0.3304
nc40220958,48,175.4237,55.0,-100.0,0.0654,0.8165,0.5736,-0.128,0.5769,-0.8067
nc40220958,49,109.6364,50.0,-175.0,0.7215,0.2574,0.6428,-0.282,0.9571,-0.0668
nc40220958,50,116.4706,70.0,165.0,0.8412,0.4189,0.342,-0.5098,0.8252,0.2432
nc40220958,51,300.0,90.0,-160.0,-0.866,-0.5,0.0,0.4698,-0.8138,-0.342
nc40220958,52,135.6338,80.0,-140.0,0.6886,0.704,0.1736,-0.4696,0.6154,-0.633
nc40220958,53,127.0588,70.0,-150.0,0.7499,0.5663,0.342,-0.3854,0.7942,-0.4698
nc40220958,54,160.5882,45.0,-105.0,0.235,0.6669,0.7071,-0.0171,0.7302,-0.683
nc40220958,55,175.0909,50.0,-95.0,0.0656,0.7632,0.6428,-0.032,0.6455,-0.7631
nc40220958,56,308.8235,45.0,-130.0,-0.5509,-0.4433,0.7071,-0.019,-0.8404,-0.5417
nc40220958,57,120.8571,75.0,175.0,0.8292,0.4954,0.2588,-0.5303,0.8436,0.0842
nc40220958,58,302.9577,80.0,-180.0,-0.8263,-0.5358,0.1736,0.544,-0.8391,-0.0
nc40220958,59,120.0,90.0,-180.0,0.866,0.5,0.0,-0.5,0.866,-0.0
nc40220958,60,138.8136,55.0,-140.0,0.5394,0.6165,0.5736,-0.3337,0.7819,-0.5265
nc40220958,61,301.7647,45.0,-120.0,-0.6012,-0.3722,0.7071,-0.2574,-0.7475,-0.6124
nc40220958,62,109.6364,50.0,165.0,0.7215,0.2574,0.6428,-0.4813,0.8538,0.1983
nc40220958,63,299.4545,50.0,-130.0,-0.667,-0.3767,0.6428,-0.1127,-0.8018,-0.5868
nc40220958,64,116.4706,70.0,-165.0,0.8412,0.4189,0.342,-0.3513,0.9041,-0.2432
nc40220958,65,144.9153,55.0,-140.0,0.4708,0.6703,0.5736,-0.4149,0.742,-0.5265
nc40220958,66,337.0588,45.0,-105.0,-0.2756,-0.6512,0.7071,-0.0279,-0.7299,-0.683
nc40220958,67,110.2817,80.0,-175.0,0.9237,0.3414,0.1736,-0.3311,0.9397,-0.0858
nc40220958,68,295.0,90.0,175.0,-0.9063,-0.4226,0.0,0.421,-0.9029,0.0872
nc40220958,69,111.1765,70.0,170.0,0.8762,0.3395,0.342,-0.4111,0.8969,0.1632
nc40220958,70,160.5882,45.0,-90.0,0.235,0.6669,0.7071,0.235,0.6669,-0.7071
nc40220958,71,168.2609,40.0,-100.0,0.1308,0.6293,0.766,-0.0165,0.774,-0.633
nc40220958,72,351.8182,50.0,-90.0,-0.109,-0.7582,0.6428,-0.0915,-0.6362,-0.766
nc40220958,73,302.9577,80.0,160.0,-0.8263,-0.5358,0.1736,0.561,-0.7562,0.3368
nc40220958,74,167.6471,45.0,-95.0,0.1513,0.6907,0.7071,0.0656,0.7068,-0.7044
nc40220958,75,310.0,90.0,165.0,-0.766,-0.6428,0.0,0.6209,-0.7399,0.2588
nc40220958,76,114.4068,55.0,-160.0,0.7459,0.3385,0.5736,-0.2096,0.9368,-0.2802
nc40220958,77,292.9091,50.0,-125.0,-0.7056,-0.2982,0.6428,-0.2617,-0.7333,-0.6275
nc40220958,78,330.0,45.0,-100.0,-0.3536,-0.6124,0.7071,-0.1978,-0.6899,-0.6964
nc40220958,79,303.5593,55.0,-135.0,-0.6826,-0.4528,0.5736,0.0529,-0.8134,-0.5792
nc40220958,80,305.0,85.0,150.0,-0.816,-0.5714,0.0872,0.5324,-0.6844,0.4981
nc40220958,81,125.493,80.0,-160.0,0.8018,0.5718,0.1736,-0.4972,0.7996,-0.3368
nc40220958,82,300.0,85.0,160.0,-0.8627,-0.4981,0.0872,0.4957,-0.7989,0.3407
nc40220958,83,332.6087,40.0,-115.0,-0.2957,-0.5707,0.766,0.0558,-0.8109,-0.5826
nc40220958,84,340.4348,40.0,-110.0,-0.2153,-0.6057,0.766,0.0812,-0.7928,-0.604
nc40220958,85,160.4348,40.0,-95.0,0.2153,0.6057,0.766,0.1734,0.7483,-0.6403
nc40220958,86,106.6154,65.0,165.0,0.8685,0.2592,0.4226,-0.381,0.8943,0.2346
nc40220958,87,309.661,55.0,-135.0,-0.6306,-0.5228,0.5736,0.1391,-0.8032,-0.5792
nc40220958,88,110.2817,80.0,175.0,0.9237,0.3414,0.1736,-0.3595,0.9292,0.0858
nc40220958,89,305.0,85.0,-150.0,-0.816,-0.5714,0.0872,0.461,-0.7344,-0.4981
nc40220958,90,338.7273,50.0,-90.0,-0.2779,-0.7138,0.6428,-0.2332,-0.599,-0.766
nc40220958,91,121.7647,70.0,-170.0,0.7989,0.4947,0.342,-0.4679,0.8686,-0.1632
nc40220958,92,188.8235,45.0,-90.0,-0.1085,0.6987,0.7071,-0.1085,0.6987,-0.7071
nc40220958,93,351.1765,45.0,-110.0,-0.1085,-0.6987,0.7071,0.236,-0.7091,-0.6645
nc40220958,94,112.1538,65.0,165.0,0.8394,0.3418,0.4226,-0.4656,0.8534,0.2346
nc40220958,95,151.0169,55.0,-125.0,0.3969,0.7166,0.5736,-0.2741,0.6889,-0.671
nc40220958,96,309.5122,35.0,-120.0,-0.4425,-0.3649,0.8192,-0.2292,-0.8371,-0.4967
nc40220958,97,128.7692,65.0,-175.0,0.7066,0.5675,0.4226,-0.5951,0.7998,-0.079
nc40220958,98,358.2353,45.0,-100.0,-0.0218,-0.7068,0.7071,0.1521,-0.7014,-0.6964
nc40220958,99,169.322,55.0,-95.0,0.1518,0.805,0.5736,0.0202,0.5776,-0.816
nc40220958,100,351.8182,50.0,-95.0,-0.109,-0.7582,0.6428,-0.0049,-0.6462,-0.7631
nc40220958,101,115.3521,80.0,150.0,0.89,0.4217,0.1736,-0.4493,0.7454,0.4924
nc40220958,102,114.4068,55.0,-175.0,0.7459,0.3385,0.5736,-0.3661,0.9278,-0.0714
nc40220958,103,153.5294,45.0,-110.0,0.3152,0.633,0.7071,-0.01,0.7473,-0.6645
nc40220958,104,308.8235,45.0,-120.0,-0.5509,-0.4433,0.7071,-0.1636,-0.7735,-0.6124
nc40220958,105,345.2727,50.0,-105.0,-0.1947,-0.7409,0.6428,0.0925,-0.6663,-0.7399
nc40220958,106,283.8462,65.0,175.0,-0.88,-0.2169,0.4226,0.2742,-0.9584,0.079
nc40220958,107,137.6471,70.0,-150.0,0.6331,0.6944,0.342,-0.5248,0.7098,-0.4698
nc40220958,108,305.0,85.0,155.0,-0.816,-0.5714,0.0872,0.55,-0.7213,0.421
nc40220958,109,306.0,50.0,-115.0,-0.6197,-0.4503,0.6428,-0.2229,-0.6843,-0.6943
nc40220958,110,130.0,90.0,-165.0,0.766,0.6428,0.0,-0.6209,0.7399,-0.2588
nc40220958,111,305.0,90.0,170.0,-0.8192,-0.5736,0.0,0.5649,-0.8067,0.1736
nc40220958,112,322.9412,45.0,-115.0,-0.4261,-0.5643,0.7071,-0.0489,-0.7661,-0.6409
nc40220958,113,119.0323,60.0,-165.0,0.7572,0.4203,0.5,-0.3556,0.9074,-0.2241
nc40220958,114,340.4348,40.0,-105.0,-0.2153,-0.6057,0.766,-0.0039,-0.7839,-0.6209
nc40220958,115,120.0,85.0,-175.0,0.8627,0.4981,0.0872,-0.4915,0.8665,-0.0868
nc40220958,116,120.4225,80.0,155.0,0.8492,0.4987,0.1736,-0.5222,0.7444,0.4162
nc40220958,117,306.0,50.0,-125.0,-0.6197,-0.4503,0.6428,-0.0888,-0.7735,-0.6275
nc40220958,118,148.9091,50.0,-135.0,0.3956,0.656,0.6428,-0.3708,0.7544,-0.5417
nc40220958,119,115.0,85.0,-165.0,0.9029,0.421,0.0872,-0.3878,0.885,-0.2578
nc40220958,120,278.3077,65.0,170.0,-0.8968,-0.131,0.4226,0.2149,-0.9639,0.1574
nc40220958,121,110.0,85.0,-175.0,0.9361,0.3407,0.0872,-0.3336,0.9387,-0.0868
nc40220958,122,121.7647,70.0,-180.0,0.7989,0.4947,0.342,-0.5264,0.8502,-0.0
nc40220958,123,115.7143,75.0,-160.0,0.8703,0.4191,0.2588,-0.328,0.885,-0.3304
nc40220958,124,325.6364,50.0,-95.0,-0.4324,-0.6323,0.6428,-0.2895,-0.5778,-0.7631
nc40220958,125,107.4194,60.0,160.0,0.8263,0.2593,0.5,-0.4445,0.8454,0.2962
nc40220958,126,332.6087,40.0,-105.0,-0.2957,-0.5707,0.766,-0.1106,-0.7761,-0.6209
nc40220958,127,332.1818,50.0,-105.0,-0.3575,-0.6775,0.6428,-0.0608,-0.6699,-0.7399
nc40220958,128,127.0588,70.0,-175.0,0.7499,0.5663,0.342,-0.5766,0.8129,-0.0819
nc40220958,129,344.1176,45.0,-95.0,-0.1935,-0.6801,0.7071,-0.1089,-0.7014,-0.7044
nc40220958,130,281.6129,60.0,145.0,-0.8483,-0.1743,0.5,0.4458,-0.7447,0.4967
nc40220958,131,181.7647,45.0,-95.0,-0.0218,0.7068,0.7071,-0.1088,0.7014,-0.7044
nc40220958,132,283.8462,65.0,165.0,-0.88,-0.2169,0.4226,0.3374,-0.9117,0.2346
nc40220958,133,300.0,85.0,-155.0,-0.8627,-0.4981,0.0872,0.4213,-0.8033,-0.421
nc40220958,134,163.2203,55.0,-115.0,0.2365,0.7843,0.5736,-0.2546,0.6197,-0.7424
nc40220958,135,115.0,90.0,-175.0,0.9063,0.4226,0.0,-0.421,0.9029,-0.0872
nc40220958,136,157.1186,55.0,-90.0,0.3185,0.7547,0.5736,0.223,0.5284,-0.8192
nc40220958,137,300.0,85.0,165.0,-0.8627,-0.4981,0.0872,0.5025,-0.8252,0.2578
nc40220958,138,312.5455,50.0,-125.0,-0.5644,-0.518,0.6428,-0.0001,-0.7786,-0.6275
nc40220958,139,120.0,90.0,-165.0,0.866,0.5,0.0,-0.483,0.8365,-0.2588
nc40220958,140,105.8824,70.0,165.0,0.9038,0.2572,0.342,-0.3495,0.9048,0.2432
nc40220958,141,168.5455,50.0,-95.0,0.1521,0.7508,0.6428,0.0417,0.6449,-0.7631
nc40220958,142,160.5882,45.0,-100.0,0.235,0.6669,0.7071,0.0677,0.7145,-0.6964
nc40220958,143,295.7143,75.0,155.0,-0.8703,-0.4191,0.2588,0.4918,-0.7691,0.4082
nc40220958,144,115.7143,75.0,175.0,0.8703,0.4191,0.2588,-0.4526,0.8878,0.0842
nc40220958,145,278.3077,65.0,175.0,-0.8968,-0.131,0.4226,0.1804,-0.9804,0.079
nc40220958,146,306.0,50.0,-110.0,-0.6197,-0.4503,0.6428,-0.2876,-0.6317,-0.7198
nc40220958,147,305.0,90.0,150.0,-0.8192,-0.5736,0.0,0.4967,-0.7094,0.5
nc40220958,148,115.7143,75.0,-175.0,0.8703,0.4191,0.2588,-0.4119,0.9073,-0.0842
nc40220958,149,106.6154,65.0,150.0,0.8685,0.2592,0.4226,-0.4501,0.7694,0.4532
nc40220958,150,340.0,30.0,-95.0,-0.171,-0.4698,0.866,-0.2132,-0.8405,-0.4981
nc40220958,151,115.3521,80.0,175.0,0.89,0.4217,0.1736,-0.4402,0.8938,0.0858
nc40220958,152,322.2581,60.0,-120.0,-0.5301,-0.6848,0.5,0.1303,-0.6485,-0.75
nc40220958,153,168.5455,50.0,-115.0,0.1521,0.7508,0.6428,-0.2985,0.6549,-0.6943
nc40220958,154,125.493,80.0,175.0,0.8018,0.5718,0.1736,-0.5907,0.8023,0.0858
nc40220958,155,169.322,55.0,-100.0,0.1518,0.805,0.5736,-0.066,0.5873,-0.8067
nc40220958,156,273.0508,55.0,-170.0,-0.818,-0.0436,0.5736,-0.047,-0.9887,-0.1422
nc40220958,157,351.1765,45.0,-95.0,-0.1085,-0.6987,0.7071,-0.0219,-0.7094,-0.7044
nc40220958,158,125.0,85.0,160.0,0.816,0.5714,0.0872,-0.5634,0.7527,0.3407
nc40220958,159,130.6452,60.0,-150.0,0.6571,0.5641,0.5,-0.3744,0.8199,-0.433
nc40220958,160,111.1765,70.0,-180.0,0.8762,0.3395,0.342,-0.3612,0.9325,-0.0
nc40220958,161,126.0,75.0,-155.0,0.7815,0.5678,0.2588,-0.4442,0.7975,-0.4082
nc40220958,162,287.4194,60.0,-180.0,-0.8263,-0.2593,0.5,0.2994,-0.9541,-0.0
nc40220958,163,120.8571,75.0,-180.0,0.8292,0.4954,0.2588,-0.5129,0.8584,-0.0
nc40220958,164,115.7143,75.0,170.0,0.8703,0.4191,0.2588,-0.4678,0.8678,0.1677
nc40220958,165,165.4839,60.0,-110.0,0.2171,0.8384,0.5,-0.2133,0.5406,-0.8138
nc40220958,166,115.0,90.0,155.0,0.9063,0.4226,0.0,-0.383,0.8214,0.4226
nc40220958,167,344.6341,35.0,-100.0,-0.152,-0.5531,0.8192,-0.0463,-0.8239,-0.5649
nc40220958,168,285.2542,55.0,-170.0,-0.7903,-0.2155,0.5736,0.163,-0.9763,-0.1422
nc40220958,169,115.0,90.0,-165.0,0.9063,0.4226,0.0,-0.4082,0.8754,-0.2588
nc40220958,170,124.8387,60.0,-175.0,0.7108,0.4947,0.5,-0.5333,0.8425,-0.0755
nc40220958,171,135.6338,80.0,-155.0,0.6886,0.704,0.1736,-0.5966,0.6862,-0.4162
nc40220958,172,11.7391,40.0,-90.0,0.1308,-0.6293,0.766,0.1559,-0.75,-0.6428
nc40220958,173,318.2927,35.0,-115.0,-0.3816,-0.4282,0.8192,-0.1784,-0.8354,-0.5198
nc40220958,174,322.9412,45.0,-110.0,-0.4261,-0.5643,0.7071,-0.1275,-0.7364,-0.6645
nc40220958,175,279.1525,55.0,-175.0,-0.8087,-0.1303,0.5736,0.1091,-0.9915,-0.0714
nc40220958,176,278.3077,65.0,-180.0,-0.8968,-0.131,0.4226,0.1445,-0.9895,-0.0
nc40220958,177,135.8182,50.0,-125.0,0.5339,0.5494,0.6428,-0.0444,0.7773,-0.6275
nc40220958,178,132.3529,70.0,-165.0,0.6944,0.6331,0.342,-0.5853,0.7735,-0.2432
nc40220958,179,160.5882,45.0,-110.0,0.235,0.6669,0.7071,-0.1017,0.7404,-0.6645
nc40220958,180,183.913,40.0,-95.0,-0.0439,0.6413,0.766,-0.139,0.7554,-0.6403
nc40220958,181,275.8065,60.0,175.0,-0.8616,-0.0876,0.5,0.1441,-0.9867,0.0755
nc40220958,182,109.6364,50.0,160.0,0.7215,0.2574,0.6428,-0.5228,0.8112,0.262
nc40220958,183,344.1176,45.0,-105.0,-0.1935,-0.6801,0.7071,0.062,-0.7278,-0.683
nc40220958,184,153.5294,45.0,-105.0,0.3152,0.633,0.7071,0.0728,0.7268,-0.683
nc40220958,185,117.6923,65.0,-175.0,0.8025,0.4212,0.4226,-0.4303,0.8992,-0.079
nc40220958,186,111.1765,70.0,160.0,0.8762,0.3395,0.342,-0.4485,0.834,0.3214
nc40220958,187,109.6364,50.0,170.0,0.7215,0.2574,0.6428,-0.4361,0.89,0.133
nc40220958,188,115.0,90.0,-160.0,0.9063,0.4226,0.0,-0.3971,0.8517,-0.342
nc40220958,189,125.0,90.0,175.0,0.8192,0.5736,0.0,-0.5714,0.816,0.0872
nc40220958,190,301.3043,40.0,-125.0,-0.5492,-0.334,0.766,-0.2381,-0.8161,-0.5265
nc40220958,191,168.5455,50.0,-100.0,0.1521,0.7508,0.6428,-0.0445,0.6549,-0.7544
nc40220958,192,287.4194,60.0,170.0,-0.8263,-0.2593,0.5,0.3777,-0.9137,0.1504
nc40220958,193,105.8824,70.0,160.0,0.9038,0.2572,0.342,-0.3697,0.8718,0.3214
nc40220958,194,295.0,90.0,-180.0,-0.9063,-0.4226,0.0,0.4226,-0.9063,-0.0
nc40220958,195,174.7059,45.0,-105.0,0.0652,0.7041,0.7071,-0.1947,0.704,-0.683
nc40220958,196,142.3636,50.0,-130.0,0.4678,0.6066,0.6428,-0.2083,0.7825,-0.5868
nc40220958,197,297.4576,55.0,-120.0,-0.7269,-0.3777,0.5736,-0.2102,-0.6727,-0.7094
nc40220958,198,130.5634,80.0,-150.0,0.7481,0.6404,0.1736,-0.4972,0.7144,-0.4924
nc40220958,199,138.8136,55.0,-145.0,0.5394,0.6165,0.5736,-0.3998,0.787,-0.4698
nc40220958,200,110.2817,80.0,-160.0,0.9237,0.3414,0.1736,-0.27,0.902,-0.3368
nc40220958,201,194.7273,50.0,-90.0,-0.1947,0.7409,0.6428,-0.1634,0.6217,-0.766
nc40220958,202,110.5714,75.0,155.0,0.9043,0.3394,0.2588,-0.4209,0.8101,0.4082
nc40220958,203,345.2727,50.0,-100.0,-0.1947,-0.7409,0.6428,0.007,-0.6564,-0.7544
nc40220958,204,107.4194,60.0,155.0,0.8263,0.2593,0.5,-0.4729,0.8015,0.366
nc40220958,205,148.9091,50.0,-130.0,0.3956,0.656,0.6428,-0.2962,0.7536,-0.5868
nc40220958,206,273.2727,50.0,145.0,-0.7648,-0.0437,0.6428,0.4149,-0.7968,0.4394
nc40220958,207,5.2941,45.0,-90.0,0.0652,-0.7041,0.7071,0.0652,-0.7041,-0.7071
nc40220958,208,300.0,90.0,160.0,-0.866,-0.5,0.0,0.4698,-0.8138,0.342
nc40220958,209,117.6923,65.0,-160.0,0.8025,0.4212,0.4226,-0.3087,0.8992,-0.31
nc40220958,210,325.6364,50.0,-105.0,-0.4324,-0.6323,0.6428,-0.1368,-0.6586,-0.7399
nc40220958,211,279.1525,55.0,155.0,-0.8087,-0.1303,0.5736,0.3835,-0.8562,0.3462
nc40220958,212,289.3846,65.0,145.0,-0.8549,-0.3008,0.4226,0.5005,-0.6923,0.5198
nc40220958,213,125.493,80.0,-155.0,0.8018,0.5718,0.1736,-0.4665,0.7805,-0.4162
nc40220958,214,148.0645,60.0,-140.0,0.4581,0.7349,0.5,-0.4801,0.678,-0.5567
nc40220958,215,125.0,85.0,-150.0,0.816,0.5714,0.0872,-0.461,0.7344,-0.4981
nc40220958,216,300.0,90.0,-155.0,-0.866,-0.5,0.0,0.4532,-0.7849,-0.4226
nc40220958,217,162.0,50.0,-90.0,0.2367,0.7286,0.6428,0.1986,0.6113,-0.766
nc40220958,218,121.7647,70.0,-165.0,0.7989,0.4947,0.342,-0.4332,0.8678,-0.2432
nc40220958,219,115.3521,80.0,165.0,0.89,0.4217,0.1736,-0.4542,0.8537,0.2549
nc40220958,220,142.3636,50.0,-135.0,0.4678,0.6066,0.6428,-0.2824,0.7917,-0.5417
nc40220958,221,300.0,85.0,-165.0,-0.8627,-0.4981,0.0872,0.4634,-0.8478,-0.2578
nc40220958,222,114.4068,55.0,175.0,0.7459,0.3385,0.5736,-0.4572,0.8865,0.0714
nc40220958,223,142.9412,70.0,-150.0,0.5663,0.7499,0.342,-0.588,0.6584,-0.4698
nc40220958,224,148.9091,50.0,-125.0,0.3956,0.656,0.6428,-0.2193,0.7471,-0.6275
nc40220958,225,270.0,60.0,165.0,-0.866,0.0,0.5,0.1294,-0.9659,0.2241
nc40220958,226,155.4545,50.0,-100.0,0.3182,0.6968,0.6428,0.105,0.648,-0.7544
nc40220958,227,125.0,85.0,-175.0,0.816,0.5714,0.0872,-0.5652,0.8204,-0.0868
nc40220958,228,302.9577,80.0,-170.0,-0.8263,-0.5358,0.1736,0.5105,-0.8427,-0.171
nc40220958,229,275.8065,60.0,-170.0,-0.8616,-0.0876,0.5,0.0133,-0.9885,-0.1504
nc40220958,230,153.871,60.0,-135.0,0.3814,0.7775,0.5,-0.4791,0.6288,-0.6124
nc40220958,231,272.7692,65.0,-170.0,-0.9052,-0.0438,0.4226,-0.0257,-0.9872,-0.1574
nc40220958,232,128.7692,65.0,-165.0,0.7066,0.5675,0.4226,-0.5196,0.8216,-0.2346
nc40220958,233,126.0,75.0,-160.0,0.7815,0.5678,0.2588,-0.4807,0.8123,-0.3304
nc40220958,234,132.3529,70.0,-150.0,0.6944,0.6331,0.342,-0.4571,0.7552,-0.4698
nc40220958,235,169.322,55.0,-105.0,0.1518,0.805,0.5736,-0.1517,0.5924,-0.7912
nc40220958,236,155.4545,50.0,-110.0,0.3182,0.6968,0.6428,-0.0602,0.6915,-0.7198
nc40220958,237,142.2581,60.0,-145.0,0.5301,0.6848,0.5,-0.4722,0.7282,-0.4967
nc40220958,238,351.1765,45.0,-100.0,-0.1085,-0.6987,0.7071,0.0648,-0.7148,-0.6964
nc40220958,239,295.7143,75.0,150.0,-0.8703,-0.4191,0.2588,0.4923,-0.7241,0.483
nc40220958,240,135.8182,50.0,-135.0,0.5339,0.5494,0.6428,-0.1903,0.8188,-0.5417
nc40220958,241,160.4348,40.0,-100.0,0.2153,0.6057,0.766,0.089,0.769,-0.633
nc40220958,242,120.0,85.0,155.0,0.8627,0.4981,0.0872,-0.4851,0.7665,0.421
nc40220958,243,155.4545,50.0,-130.0,0.3182,0.6968,0.6428,-0.3801,0.7149,-0.5868
nc40220958,244,273.0508,55.0,-175.0,-0.818,-0.0436,0.5736,0.0031,-0.9974,-0.0714
nc40220958,245,322.9412,45.0,-100.0,-0.4261,-0.5643,0.7071,-0.2811,-0.6604,-0.6964
nc40220958,246,139.8462,65.0,-145.0,0.5844,0.6927,0.4226,-0.4698,0.7135,-0.5198
nc40220958,247,134.3077,65.0,-155.0,0.6486,0.6331,0.4226,-0.5053,0.7733,-0.383
nc40220958,248,305.0,85.0,-175.0,-0.816,-0.5714,0.0872,0.5652,-0.8204,-0.0868
nc40220958,249,113.2258,60.0,-160.0,0.7958,0.3415,0.5,-0.2134,0.931,-0.2962
nc40220958,250,128.7692,65.0,-160.0,0.7066,0.5675,0.4226,-0.4757,0.8232,-0.31
nc40220958,251,131.1429,75.0,-145.0,0.7274,0.6355,0.2588,-0.4272,0.7146,-0.554
nc40220958,252,165.4839,60.0,-95.0,0.2171,0.8384,0.5,0.0405,0.504,-0.8627
nc40220958,253,124.8387,60.0,-180.0,0.7108,0.4947,0.5,-0.5713,0.8208,-0.0
nc40220958,254,145.3846,65.0,-145.0,0.5148,0.7459,0.4226,-0.5364,0.6648,-0.5198
nc40220958,255,151.0169,55.0,-135.0,0.3969,0.7166,0.5736,-0.422,0.6974,-0.5792
nc40220958,256,121.7647,70.0,-155.0,0.7989,0.4947,0.342,-0.3542,0.8467,-0.3971
nc40220958,257,174.7059,45.0,-100.0,0.0652,0.7041,0.7071,-0.1087,0.7094,-0.6964
nc40220958,258,297.4576,55.0,-125.0,-0.7269,-0.3777,0.5736,-0.1524,-0.7256,-0.671
nc40220958,259,115.3521,80.0,155.0,0.89,0.4217,0.1736,-0.4544,0.7876,0.4162
nc40220958,260,358.3636,50.0,-95.0,-0.0219,-0.7657,0.6428,0.0688,-0.6426,-0.7631
nc40220958,261,281.6129,60.0,170.0,-0.8483,-0.1743,0.5,0.2833,-0.9472,0.1504
nc40220958,262,358.3636,50.0,-90.0,-0.0219,-0.7657,0.6428,-0.0184,-0.6425,-0.766
nc40220958,263,110.0,85.0,-180.0,0.9361,0.3407,0.0872,-0.342,0.9397,-0.0
nc40220958,264,142.3636,50.0,-125.0,0.4678,0.6066,0.6428,-0.1327,0.7672,-0.6275
nc40220958,265,121.7647,70.0,175.0,0.7989,0.4947,0.342,-0.5498,0.8313,0.0819
nc40220958,266,302.9577,80.0,175.0,-0.8263,-0.5358,0.1736,0.5546,-0.8276,0.0858
nc40220958,267,144.9153,55.0,-145.0,0.4708,0.6703,0.5736,-0.4812,0.7401,-0.4698
nc40220958,268,319.0909,50.0,-130.0,-0.5017,-0.5789,0.6428,0.1633,-0.7931,-0.5868
nc40220958,269,115.0,85.0,160.0,0.9029,0.421,0.0872,-0.4241,0.8391,0.3407
nc40220958,270,115.0,85.0,155.0,0.9029,0.421,0.0872,-0.4164,0.8058,0.421
nc40220958,271,113.2258,60.0,-175.0,0.7958,0.3415,0.5,-0.3528,0.9326,-0.0755
nc40220958,272,162.0,50.0,-125.0,0.2367,0.7286,0.6428,-0.3828,0.678,-0.6275
nc40220958,273,322.9412,45.0,-125.0,-0.4261,-0.5643,0.7071,0.1087,-0.8079,-0.5792
nc40220958,274,144.9153,55.0,-130.0,0.4708,0.6703,0.5736,-0.2734,0.729,-0.6275
nc40220958,275,132.3529,70.0,-145.0,0.6944,0.6331,0.342,-0.4069,0.7375,-0.539
nc40220958,276,139.4118,45.0,-120.0,0.4601,0.537,0.7071,0.0187,0.7903,-0.6124
nc40220958,277,315.8824,45.0,-110.0,-0.4922,-0.5076,0.7071,-0.217,-0.7151,-0.6645
nc40220958,278,332.1818,50.0,-110.0,-0.3575,-0.6775,0.6428,0.0206,-0.6938,-0.7198
nc40220958,279,116.4706,70.0,175.0,0.8412,0.4189,0.342,-0.4707,0.8785,0.0819
nc40220958,280,108.3051,55.0,170.0,0.7777,0.2573,0.5736,-0.4039,0.9037,0.1422
nc40220958,281,281.6129,60.0,-175.0,-0.8483,-0.1743,0.5,0.1578,-0.9846,-0.0755
nc40220958,282,110.2817,80.0,-165.0,0.9237,0.3414,0.1736,-0.2927,0.9216,-0.2549
nc40220958,283,115.3521,80.0,-175.0,0.89,0.4217,0.1736,-0.4129,0.9067,-0.0858
nc40220958,284,153.5294,45.0,-115.0,0.3152,0.633,0.7071,-0.0927,0.762,-0.6409
nc40220958,285,351.1765,45.0,-90.0,-0.1085,-0.6987,0.7071,-0.1085,-0.6987,-0.7071
nc40220958,286,300.8571,75.0,160.0,-0.8292,-0.4954,0.2588,0.558,-0.7613,0.3304
nc40220958,287,152.6087,40.0,-95.0,0.2957,0.5707,0.766,0.2737,0.7177,-0.6403
nc40220958,288,120.4225,80.0,-170.0,0.8492,0.4987,0.1736,-0.4727,0.8645,-0.171
nc40220958,289,300.0,85.0,-160.0,-0.8627,-0.4981,0.0872,0.444,-0.8287,-0.3407
nc40220958,290,312.5455,50.0,-120.0,-0.5644,-0.518,0.6428,-0.072,-0.7448,-0.6634
nc40220958,291,105.8824,70.0,-170.0,0.9038,0.2572,0.342,-0.2124,0.9635,-0.1632
nc40220958,292,127.0588,70.0,-145.0,0.7499,0.5663,0.342,-0.3371,0.7719,-0.539
nc40220958,293,116.4706,70.0,155.0,0.8412,0.4189,0.342,-0.5334,0.7469,0.3971
nc40220958,294,112.1538,65.0,175.0,0.8394,0.3418,0.4226,-0.4098,0.9088,0.079
nc40220958,295,300.0,90.0,-180.0,-0.866,-0.5,0.0,0.5,-0.866,-0.0
nc40220958,296,300.0,90.0,150.0,-0.866,-0.5,0.0,0.433,-0.75,0.5
nc40220958,297,112.1538,65.0,160.0,0.8394,0.3418,0.4226,-0.4882,0.8158,0.31
nc40220958,298,295.0,90.0,165.0,-0.9063,-0.4226,0.0,0.4082,-0.8754,0.2588
nc40220958,299,281.6129,60.0,160.0,-0.8483,-0.1743,0.5,0.3567,-0.886,0.2962
nc40220958,300,115.0,90.0,165.0,0.9063,0.4226,0.0,-0.4082,0.8754,0.2588
nc40220958,301,155.4545,50.0,-90.0,0.3182,0.6968,0.6428,0.267,0.5847,-0.766
nc40220958,302,110.2817,80.0,150.0,0.9237,0.3414,0.1736,-0.3816,0.7822,0.4924
nc40220958,303,168.2609,40.0,-95.0,0.1308,0.6293,0.766,0.0699,0.7649,-0.6403
nc40220958,304,120.0,90.0,155.0,0.866,0.5,0.0,-0.4532,0.7849,0.4226
nc40220958,305,325.6364,50.0,-100.0,-0.4324,-0.6323,0.6428,-0.214,-0.6206,-0.7544
nc40220958,306,273.0508,55.0,150.0,-0.818,-0.0436,0.5736,0.3325,-0.8495,0.4096
nc40220958,307,120.5085,55.0,-170.0,0.7057,0.4159,0.5736,-0.4141,0.899,-0.1422
nc40220958,308,125.0,85.0,175.0,0.816,0.5714,0.0872,-0.5776,0.8117,0.0868
nc40220958,309,115.0,85.0,170.0,0.9029,0.421,0.0872,-0.4299,0.8861,0.173
nc40220958,310,319.0909,50.0,-105.0,-0.5017,-0.5789,0.6428,-0.211,-0.6387,-0.7399
nc40220958,311,120.0,85.0,175.0,0.8627,0.4981,0.0872,-0.5047,0.8589,0.0868
nc40220958,312,110.2817,80.0,165.0,0.9237,0.3414,0.1736,-0.377,0.8905,0.2549
nc40220958,313,283.8462,65.0,-165.0,-0.88,-0.2169,0.4226,0.125,-0.964,-0.2346
nc40220958,314,130.0,85.0,-155.0,0.7631,0.6403,0.0872,-0.5543,0.7179,-0.421
nc40220958,315,106.6154,65.0,175.0,0.8685,0.2592,0.4226,-0.3202,0.9441,0.079
nc40220958,316,337.0588,45.0,-90.0,-0.2756,-0.6512,0.7071,-0.2756,-0.6512,-0.7071
nc40220958,317,128.7692,65.0,-170.0,0.7066,0.5675,0.4226,-0.5595,0.8138,-0.1574
nc40220958,318,124.8387,60.0,-170.0,0.7108,0.4947,0.5,-0.4913,0.8579,-0.1504
nc40220958,319,125.0,85.0,170.0,0.816,0.5714,0.0872,-0.5773,0.798,0.173
nc40220958,320,110.0,85.0,165.0,0.9361,0.3407,0.0872,-0.3516,0.9,0.2578
nc40220958,321,300.0,90.0,175.0,-0.866,-0.5,0.0,0.4981,-0.8627,0.0872
nc40220958,322,167.6471,45.0,-105.0,0.1513,0.6907,0.7071,-0.1067,0.7226,-0.683
nc40220958,323,312.5455,50.0,-130.0,-0.5644,-0.518,0.6428,0.0719,-0.8065,-0.5868
nc40220958,324,181.6364,50.0,-100.0,-0.0219,0.7657,0.6428,-0.1917,0.6278,-0.7544
nc40220958,325,295.0,90.0,-160.0,-0.9063,-0.4226,0.0,0.3971,-0.8517,-0.342
nc40220958,326,175.4237,55.0,-95.0,0.0654,0.8165,0.5736,-0.0413,0.5765,-0.816
nc40220958,327,358.2353,45.0,-95.0,-0.0218,-0.7068,0.7071,0.0654,-0.7068,-0.7044
nc40220958,328,303.5593,55.0,-110.0,-0.6826,-0.4528,0.5736,-0.2601,-0.583,-0.7698
nc40220958,329,117.6923,65.0,160.0,0.8025,0.4212,0.4226,-0.5647,0.7649,0.31
nc40220958,330,335.8537,35.0,-105.0,-0.2346,-0.5234,0.8192,-0.0875,-0.8279,-0.554
nc40220958,331,115.0,90.0,170.0,0.9063,0.4226,0.0,-0.4162,0.8925,0.1736
nc40220958,332,297.8873,80.0,150.0,-0.8704,-0.4606,0.1736,0.4818,-0.7248,0.4924
nc40220958,333,110.5714,75.0,165.0,0.9043,0.3394,0.2588,-0.4021,0.8808,0.25
nc40220958,334,115.7143,75.0,-180.0,0.8703,0.4191,0.2588,-0.4339,0.901,-0.0
nc40220958,335,316.9565,40.0,-120.0,-0.4387,-0.4698,0.766,-0.0874,-0.8261,-0.5567
nc40220958,336,169.322,55.0,-110.0,0.1518,0.805,0.5736,-0.2362,0.593,-0.7698
nc40220958,337,300.0,85.0,-150.0,-0.8627,-0.4981,0.0872,0.3953,-0.7718,-0.4981
nc40220958,338,140.0,85.0,-145.0,0.6403,0.7631,0.0872,-0.5954,0.5648,-0.5714
nc40220958,339,120.5085,55.0,-175.0,0.7057,0.4159,0.5736,-0.4627,0.8837,-0.0714
nc40220958,340,115.0,90.0,160.0,0.9063,0.4226,0.0,-0.3971,0.8517,0.342
nc40220958,341,107.4194,60.0,-170.0,0.8263,0.2593,0.5,-0.212,0.9656,-0.1504
nc40220958,342,324.7826,40.0,-110.0,-0.3707,-0.5251,0.766,-0.1357,-0.7853,-0.604
nc40220958,343,106.6154,65.0,-180.0,0.8685,0.2592,0.4226,-0.2859,0.9582,-0.0
nc40220958,344,115.0,85.0,-180.0,0.9029,0.421,0.0872,-0.4226,0.9063,-0.0
nc40220958,345,283.8462,65.0,170.0,-0.88,-0.2169,0.4226,0.3069,-0.9386,0.1574
nc40220958,346,125.0,90.0,170.0,0.8192,0.5736,0.0,-0.5649,0.8067,0.1736
nc40220958,347,301.7647,45.0,-130.0,-0.6012,-0.3722,0.7071,-0.1222,-0.8317,-0.5417
nc40220958,348,330.0,45.0,-95.0,-0.3536,-0.6124,0.7071,-0.2767,-0.6536,-0.7044
nc40220958,349,130.5634,80.0,-160.0,0.7481,0.6404,0.1736,-0.566,0.7525,-0.3368
nc40220958,350,305.0,85.0,-165.0,-0.816,-0.5714,0.0872,0.5356,-0.8042,-0.2578
nc40220958,351,327.0732,35.0,-100.0,-0.3118,-0.4814,0.8192,-0.2927,-0.7715,-0.5649
nc40220958,352,125.0,90.0,165.0,0.8192,0.5736,0.0,-0.554,0.7912,0.2588
nc40220958,353,135.0,85.0,-160.0,0.7044,0.7044,0.0872,-0.6434,0.6855,-0.3407
nc40220958,354,3.913,40.0,-90.0,0.0439,-0.6413,0.766,0.0523,-0.7643,-0.6428
nc40220958,355,312.5455,50.0,-115.0,-0.5644,-0.518,0.6428,-0.1434,-0.7053,-0.6943
nc40220958,356,285.2542,55.0,165.0,-0.7903,-0.2155,0.5736,0.3974,-0.8928,0.212
nc40220958,357,162.0,50.0,-100.0,0.2367,0.7286,0.6428,0.0305,0.6557,-0.7544
nc40220958,358,305.0,85.0,-155.0,-0.816,-0.5714,0.0872,0.4897,-0.7635,-0.421
nc40220958,359,322.9412,45.0,-120.0,-0.4261,-0.5643,0.7071,0.03,-0.79,-0.6124
nc40220958,360,335.8537,35.0,-95.0,-0.2346,-0.5234,0.8192,-0.2543,-0.7803,-0.5714
nc40220958,361,297.8873,80.0,160.0,-0.8704,-0.4606,0.1736,0.492,-0.8028,0.3368
nc40220958,362,115.3521,80.0,-180.0,0.89,0.4217,0.1736,-0.4282,0.9037,-0.0
nc40220958,363,303.5593,55.0,-120.0,-0.6826,-0.4528,0.5736,-0.1375,-0.6913,-0.7094
nc40220958,364,330.0,45.0,-110.0,-0.3536,-0.6124,0.7071,-0.036,-0.7465,-0.6645
nc40220958,365,125.0,85.0,-155.0,0.816,0.5714,0.0872,-0.4897,0.7635,-0.421
nc40220958,366,3.913,40.0,-95.0,0.0439,-0.6413,0.766,0.139,-0.7554,-0.6403
nc40220958,367,278.3077,65.0,-175.0,-0.8968,-0.131,0.4226,0.1075,-0.9911,-0.079
nc40220958,368,162.0,50.0,-120.0,0.2367,0.7286,0.6428,-0.3035,0.6839,-0.6634
nc40220958,369,155.4545,50.0,-95.0,0.3182,0.6968,0.6428,0.1867,0.6187,-0.7631
nc40220958,370,115.3521,80.0,-165.0,0.89,0.4217,0.1736,-0.373,0.8921,-0.2549
nc40220958,371,110.0,85.0,155.0,0.9361,0.3407,0.0872,-0.3446,0.8391,0.421
nc40220958,372,145.3846,65.0,-140.0,0.5148,0.7459,0.4226,-0.4761,0.6587,-0.5826
nc40220958,373,305.0,90.0,-165.0,-0.8192,-0.5736,0.0,0.554,-0.7912,-0.2588
nc40220958,374,291.3559,55.0,-140.0,-0.7629,-0.2983,0.5736,-0.0644,-0.8477,-0.5265
nc40220958,375,275.8065,60.0,170.0,-0.8616,-0.0876,0.5,0.186,-0.971,0.1504
nc40220958,376,285.2542,55.0,-180.0,-0.7903,-0.2155,0.5736,0.2631,-0.9648,-0.0
nc40220958,377,114.4068,55.0,-170.0,0.7459,0.3385,0.5736,-0.3162,0.938,-0.1422
nc40220958,378,294.7059,45.0,-125.0,-0.6424,-0.2955,0.7071,-0.2865,-0.7632,-0.5792
nc40220958,379,305.0,90.0,160.0,-0.8192,-0.5736,0.0,0.539,-0.7698,0.342
nc40220958,380,120.8571,75.0,-155.0,0.8292,0.4954,0.2588,-0.3709,0.8341,-0.4082
nc40220958,381,130.5634,80.0,-170.0,0.7481,0.6404,0.1736,-0.6175,0.7678,-0.171
nc40220958,382,109.6364,50.0,155.0,0.7215,0.2574,0.6428,-0.5604,0.7623,0.3237
nc40220958,383,305.0,85.0,170.0,-0.816,-0.5714,0.0872,0.5773,-0.798,0.173
nc40220958,384,153.5294,45.0,-100.0,0.3152,0.633,0.7071,0.155,0.7008,-0.6964
nc40220958,385,275.2941,70.0,175.0,-0.9357,-0.0867,0.342,0.1216,-0.9892,0.0819
nc40220958,386,275.2941,70.0,-180.0,-0.9357,-0.0867,0.342,0.0923,-0.9957,-0.0
nc40220958,387,120.5085,55.0,-180.0,0.7057,0.4159,0.5736,-0.5077,0.8616,-0.0
nc40220958,388,117.6923,65.0,-165.0,0.8025,0.4212,0.4226,-0.352,0.9061,-0.2346
nc40220958,389,110.5714,75.0,-160.0,0.9043,0.3394,0.2588,-0.2473,0.9109,-0.3304
nc40220958,390,338.7273,50.0,-110.0,-0.2779,-0.7138,0.6428,0.0996,-0.687,-0.7198
nc40220958,391,138.8136,55.0,-135.0,0.5394,0.6165,0.5736,-0.2651,0.7709,-0.5792
nc40220958,392,325.6364,50.0,-110.0,-0.4324,-0.6323,0.6428,-0.0586,-0.6917,-0.7198
nc40220958,393,273.0508,55.0,175.0,-0.818,-0.0436,0.5736,0.1029,-0.9921,0.0714
nc40220958,394,140.7042,80.0,-160.0,0.6237,0.7621,0.1736,-0.6896,0.6411,-0.3368
nc40220958,395,330.0,45.0,-115.0,-0.3536,-0.6124,0.7071,0.0456,-0.7663,-0.6409
nc40220958,396,324.7826,40.0,-115.0,-0.3707,-0.5251,0.766,-0.0551,-0.8109,-0.5826
nc40220958,397,148.9091,50.0,-115.0,0.3956,0.656,0.6428,-0.0611,0.7171,-0.6943
nc40220958,398,111.1765,70.0,155.0,0.8762,0.3395,0.342,-0.4622,0.7929,0.3971
nc40220958,399,120.8571,75.0,-170.0,0.8292,0.4954,0.2588,-0.4665,0.8685,-0.1677
nc40220958,400,299.4545,50.0,-135.0,-0.667,-0.3767,0.6428,-0.0481,-0.8392,-0.5417
nc40220958,401,109.6364,50.0,-170.0,0.7215,0.2574,0.6428,-0.2258,0.965,-0.133
nc40220958,402,305.0,85.0,165.0,-0.816,-0.5714,0.0872,0.5725,-0.7783,0.2578
nc40220958,403,140.7042,80.0,-165.0,0.6237,0.7621,0.1736,-0.7191,0.6465,-0.2549
nc40220958,404,108.3051,55.0,160.0,0.7777,0.2573,0.5736,-0.4814,0.8305,0.2802
nc40220958,405,275.8065,60.0,-175.0,-0.8616,-0.0876,0.5,0.0574,-0.9955,-0.0755
nc40220958,406,181.7647,45.0,-100.0,-0.0218,0.7068,0.7071,-0.195,0.6907,-0.6964
nc40220958,407,309.661,55.0,-130.0,-0.6306,-0.5228,0.5736,0.072,-0.7753,-0.6275
nc40220958,408,113.2258,60.0,-170.0,0.7958,0.3415,0.5,-0.3086,0.9392,-0.1504
nc40220958,409,300.0,85.0,-180.0,-0.8627,-0.4981,0.0872,0.5,-0.866,-0.0
nc40220958,410,108.3051,55.0,175.0,0.7777,0.2573,0.5736,-0.3603,0.9301,0.0714
nc40220958,411,108.3051,55.0,-175.0,0.7777,0.2573,0.5736,-0.2654,0.9615,-0.0714
nc40220958,412,125.0,90.0,160.0,0.8192,0.5736,0.0,-0.539,0.7698,0.342
nc40220958,413,351.1765,45.0,-105.0,-0.1085,-0.6987,0.7071,0.151,-0.7146,-0.683
nc40220958,414,110.0,85.0,170.0,0.9361,0.3407,0.0872,-0.351,0.9202,0.173
nc40220958,415,12.3529,45.0,-90.0,0.1513,-0.6907,0.7071,0.1513,-0.6907,-0.7071
nc40220958,416,116.4706,70.0,170.0,0.8412,0.4189,0.342,-0.4921,0.8551,0.1632
nc40220958,417,127.0588,70.0,-155.0,0.7499,0.5663,0.342,-0.4308,0.8104,-0.3971
nc40220958,418,175.0909,50.0,-90.0,0.0656,0.7632,0.6428,0.055,0.6404,-0.766
nc40220958,419,353.4146,35.0,-95.0,-0.0658,-0.5698,0.8192,-0.007,-0.8206,-0.5714
nc40220958,420,356.087,40.0,-100.0,-0.0439,-0.6413,0.766,0.1218,-0.7645,-0.633
nc40220958,421,306.0,50.0,-130.0,-0.6197,-0.4503,0.6428,-0.0205,-0.8095,-0.5868
nc40220958,422,308.0282,80.0,-170.0,-0.7757,-0.6067,0.1736,0.5829,-0.7943,-0.171
nc40220958,423,109.6364,50.0,-165.0,0.7215,0.2574,0.6428,-0.1679,0.9657,-0.1983
nc40220958,424,157.1186,55.0,-115.0,0.3185,0.7547,0.5736,-0.1872,0.6433,-0.7424
nc40220958,425,4.9091,50.0,-90.0,0.0656,-0.7632,0.6428,0.055,-0.6404,-0.766
nc40220958,426,120.8571,75.0,165.0,0.8292,0.4954,0.2588,-0.5529,0.7948,0.25
nc40220958,427,110.5714,75.0,-165.0,0.9043,0.3394,0.2588,-0.2767,0.9279,-0.25
nc40220958,428,106.6154,65.0,160.0,0.8685,0.2592,0.4226,-0.4072,0.8591,0.31
nc40220958,429,168.5455,50.0,-90.0,0.1521,0.7508,0.6428,0.1277,0.63,-0.766
nc40220958,430,270.0,70.0,-170.0,-0.9397,0.0,0.342,-0.0594,-0.9848,-0.1632
nc40220958,431,130.0,90.0,-160.0,0.766,0.6428,0.0,-0.604,0.7198,-0.342
nc40220958,432,140.7042,80.0,-155.0,0.6237,0.7621,0.1736,-0.6549,0.6308,-0.4162
nc40220958,433,297.4576,55.0,-130.0,-0.7269,-0.3777,0.5736,-0.0935,-0.773,-0.6275
nc40220958,434,113.2258,60.0,170.0,0.7958,0.3415,0.5,-0.4682,0.8708,0.1504
nc40220958,435,319.0909,50.0,-100.0,-0.5017,-0.5789,0.6428,-0.2833,-0.5921,-0.7544
nc40220958,436,318.2927,35.0,-110.0,-0.3816,-0.4282,0.8192,-0.2568,-0.8022,-0.539
nc40220958,437,309.661,55.0,-120.0,-0.6306,-0.5228,0.5736,-0.0633,-0.702,-0.7094
nc40220958,438,130.5634,80.0,-165.0,0.7481,0.6404,0.1736,-0.594,0.763,-0.2549
nc40220958,439,332.6087,40.0,-110.0,-0.2957,-0.5707,0.766,-0.0275,-0.7965,-0.604
nc40220958,440,348.2609,40.0,-105.0,-0.1308,-0.6293,0.766,0.1029,-0.7771,-0.6209
nc40220958,441,167.6471,45.0,-100.0,0.1513,0.6907,0.7071,-0.0207,0.7174,-0.6964
nc40220958,442,289.3846,65.0,150.0,-0.8549,-0.3008,0.4226,0.4868,-0.7468,0.4532
nc40220958,443,305.0,90.0,-180.0,-0.8192,-0.5736,0.0,0.5736,-0.8192,-0.0
nc40220958,444,148.9091,50.0,-120.0,0.3956,0.656,0.6428,-0.1407,0.7349,-0.6634
nc40220958,445,279.1525,55.0,-165.0,-0.8087,-0.1303,0.5736,0.0071,-0.9772,-0.212
nc40220958,446,273.0508,55.0,155.0,-0.818,-0.0436,0.5736,0.2903,-0.8921,0.3462
nc40220958,447,115.0,90.0,-170.0,0.9063,0.4226,0.0,-0.4162,0.8925,-0.1736
nc40220958,448,146.4706,45.0,-125.0,0.3906,0.5894,0.7071,-0.1582,0.7997,-0.5792
nc40220958,449,142.3636,50.0,-140.0,0.4678,0.6066,0.6428,-0.3543,0.795,-0.4924
nc40220958,450,120.0,90.0,-155.0,0.866,0.5,0.0,-0.4532,0.7849,-0.4226
nc40220958,451,315.8824,45.0,-125.0,-0.4922,-0.5076,0.7071,0.0086,-0.8151,-0.5792
nc40220958,452,146.4706,45.0,-120.0,0.3906,0.5894,0.7071,-0.0785,0.7867,-0.6124
nc40220958,453,110.2817,80.0,-180.0,0.9237,0.3414,0.1736,-0.3466,0.938,-0.0
nc40220958,454,299.4545,50.0,-120.0,-0.667,-0.3767,0.6428,-0.2389,-0.7091,-0.6634
nc40220958,455,135.0,85.0,-145.0,0.7044,0.7044,0.0872,-0.5439,0.6146,-0.5714
nc40220958,456,155.4545,50.0,-120.0,0.3182,0.6968,0.6428,-0.2236,0.7141,-0.6634
nc40220958,457,176.087,40.0,-100.0,0.0439,0.6413,0.766,-0.1218,0.7645,-0.633
nc40220958,458,123.2308,65.0,-180.0,0.7581,0.4967,0.4226,-0.548,0.8365,-0.0
nc40220958,459,107.4194,60.0,150.0,0.8263,0.2593,0.5,-0.4978,0.7515,0.433
nc40220958,460,168.2609,40.0,-105.0,0.1308,0.6293,0.766,-0.1029,0.7771,-0.6209
nc40220958,461,117.6923,65.0,-180.0,0.8025,0.4212,0.4226,-0.4647,0.8855,-0.0
nc40220958,462,140.7042,80.0,-150.0,0.6237,0.7621,0.1736,-0.6152,0.6157,-0.4924
nc40220958,463,125.0,85.0,-180.0,0.816,0.5714,0.0872,-0.5736,0.8192,-0.0
nc40220958,464,183.913,40.0,-90.0,-0.0439,0.6413,0.766,-0.0523,0.7643,-0.6428
nc40220958,465,110.5714,75.0,-180.0,0.9043,0.3394,0.2588,-0.3514,0.9362,-0.0
nc40220958,466,130.0,90.0,-155.0,0.766,0.6428,0.0,-0.5826,0.6943,-0.4226
nc40220958,467,305.0,90.0,155.0,-0.8192,-0.5736,0.0,0.5198,-0.7424,0.4226
nc40220958,468,325.6364,50.0,-120.0,-0.4324,-0.6323,0.6428,0.0985,-0.7417,-0.6634
nc40220958,469,327.0732,35.0,-110.0,-0.3118,-0.4814,0.8192,-0.1313,-0.832,-0.539
nc40220958,470,115.0,90.0,-180.0,0.9063,0.4226,0.0,-0.4226,0.9063,-0.0
nc40220958,471,109.6364,50.0,175.0,0.7215,0.2574,0.6428,-0.3875,0.9194,0.0668
nc40220958,472,338.7273,50.0,-100.0,-0.2779,-0.7138,0.6428,-0.0678,-0.6529,-0.7544
nc40220958,473,340.4348,40.0,-95.0,-0.2153,-0.6057,0.766,-0.1734,-0.7483,-0.6403
nc40220958,474,137.6471,70.0,-155.0,0.6331,0.6944,0.342,-0.5724,0.7174,-0.3971
nc40220958,475,110.0,85.0,-165.0,0.9361,0.3407,0.0872,-0.3092,0.9154,-0.2578
nc40220958,476,120.0,85.0,-155.0,0.8627,0.4981,0.0872,-0.4213,0.8033,-0.421
nc40220958,477,300.0,90.0,-170.0,-0.866,-0.5,0.0,0.4924,-0.8529,-0.1736
nc40220958,478,105.8824,70.0,170.0,0.9038,0.2572,0.342,-0.3266,0.931,0.1632
nc40220958,479,152.6087,40.0,-90.0,0.2957,0.5707,0.766,0.3524,0.6802,-0.6428
nc40220958,480,116.4706,70.0,-175.0,0.8412,0.4189,0.342,-0.4174,0.905,-0.0819
nc40220958,481,175.4237,55.0,-90.0,0.0654,0.8165,0.5736,0.0458,0.5717,-0.8192
nc40220958,482,174.7059,45.0,-90.0,0.0652,0.7041,0.7071,0.0652,0.7041,-0.7071
nc40220958,483,119.0323,60.0,-160.0,0.7572,0.4203,0.5,-0.3065,0.9046,-0.2962
nc40220958,484,130.0,85.0,-160.0,0.7631,0.6403,0.0872,-0.5812,0.739,-0.3407
nc40220958,485,300.0,90.0,170.0,-0.866,-0.5,0.0,0.4924,-0.8529,0.1736
nc40220958,486,301.7647,45.0,-125.0,-0.6012,-0.3722,0.7071,-0.1905,-0.7926,-0.5792
nc40220958,487,126.0,75.0,-150.0,0.7815,0.5678,0.2588,-0.4043,0.7767,-0.483
nc40220958,488,139.8462,65.0,-150.0,0.5844,0.6927,0.4226,-0.5257,0.72,-0.4532
nc40220958,489,107.4194,60.0,165.0,0.8263,0.2593,0.5,-0.4126,0.8829,0.2241
nc40220958,490,152.6087,40.0,-115.0,0.2957,0.5707,0.766,-0.0558,0.8109,-0.5826
nc40220958,491,287.4194,60.0,165.0,-0.8263,-0.2593,0.5,0.4126,-0.8829,0.2241
nc40220958,492,163.2203,55.0,-105.0,0.2365,0.7843,0.5736,-0.0879,0.6052,-0.7912
nc40220958,493,292.9091,50.0,-130.0,-0.7056,-0.2982,0.6428,-0.2033,-0.7838,-0.5868
nc40220958,494,287.4194,60.0,175.0,-0.8263,-0.2593,0.5,0.3398,-0.9375,0.0755
nc40220958,495,135.0,85.0,-150.0,0.7044,0.7044,0.0872,-0.5816,0.6432,-0.4981
nc40220958,496,120.4225,80.0,-160.0,0.8492,0.4987,0.1736,-0.4246,0.8404,-0.3368
nc40220958,497,315.8824,45.0,-105.0,-0.4922,-0.5076,0.7071,-0.2897,-0.6705,-0.683
nc40220958,498,105.8824,70.0,175.0,0.9038,0.2572,0.342,-0.3013,0.95,0.0819
nc40220958,499,319.0909,50.0,-115.0,-0.5017,-0.5789,0.6428,-0.0621,-0.717,-0.6943
